a,b,stratum,identity,cosine,same_family
P04080,Q9UBI1,random,0.1282,0.9784,False
A0A087WV53,P36066,random,0.1274,0.8022,False
P40742,Q9BQD7,random,0.1794,0.863,False
Q0VGL1,Q9CR02,random,0.1086,0.9121,False
A8MXZ3,Q9LJW3,random,0.1254,0.5455,False
Q91WQ9,Q9SVI0,random,0.1282,0.8833,False
E9Q343,Q8LA14,random,0.0638,0.9311,False
Q14093,Q8VDS4,random,0.1703,0.8881,False
P34453,P91477,random,0.1439,0.854,False
Q05874,Q8I7Q0,random,0.1382,0.8878,False
O15511,Q8C436,random,0.1535,0.8973,False
O80448,P53854,random,0.123,0.9025,False
C0H3V2,P20630,random,0.0886,0.7316,False
Q6ZP29,Q8JHI3,random,0.125,0.866,False
Q61878,Q9C992,random,0.1116,0.8569,False
O14521,Q9LHR4,random,0.1354,0.8973,False
O32149,Q99547,random,0.1065,0.7812,False
O05243,P32630,random,0.1506,0.8688,False
O62193,P34167,random,0.1101,0.7266,False
P02753,Q9SB00,random,0.108,0.9074,False
F1QQI2,Q06265,random,0.0774,0.9367,False
Q3TZX3,Q8N6K0,random,0.1481,0.6376,False
P36363,Q9VLP9,random,0.1242,0.9089,False
P60624,Q9XZT6,random,0.1,0.8062,False
P43346,Q9CQR5,random,0.1412,0.9118,False
O70139,O81223,random,0.1106,0.8994,False
P04152,Q9XGX0,random,0.1475,0.7144,False
A9JR86,Q9LTE1,random,0.1209,0.8527,False
O01971,Q9FI83,random,0.1285,0.8987,False
P04080,P37340,random,0.0808,0.7529,False
G5EGC4,P91851,random,0.1121,0.8752,False
P35247,P40403,random,0.1298,0.7859,False
P77218,Q9D7V1,random,0.1617,0.849,False
O42222,O65370,random,0.0963,0.6095,False
P05017,P19541,random,0.1211,0.937,False
P34519,Q9ZUC2,random,0.1672,0.7769,False
P31678,Q12846,random,0.1543,0.8171,False
P37610,Q8NEQ6,random,0.1453,0.6803,False
P61851,Q8I0G4,random,0.1017,0.8369,False
Q66I12,Q8IVJ8,random,0.0879,0.8498,False
O43325,Q8BGR8,random,0.1921,0.9668,False
Q96IZ0,Q9FIT1,random,0.1719,0.9665,False
O70355,Q6P444,random,0.1542,0.7361,False
O07009,Q6DC64,random,0.1673,0.813,False
Q1LUA8,Q45588,random,0.1233,0.9207,False
P24232,P46999,random,0.1531,0.8672,False
O06716,P36001,random,0.0767,0.8685,False
Q7XA78,Q8GXS8,random,0.1418,0.9508,False
P54356,P92953,random,0.1111,0.8809,False
O34817,P0CW82,random,0.1276,0.7137,False
O93430,P34328,random,0.0833,0.766,False
P21306,P38774,random,0.0772,0.8913,False
Q70PY2,Q8N9W7,random,0.1897,0.7103,False
Q60843,Q8IUE1,random,0.1532,0.8918,False
Q52K95,Q9Y041,random,0.0686,0.9169,False
A8E7N9,Q02427,random,0.1017,0.8479,False
Q06541,Q9D7E3,random,0.1311,0.7298,False
Q8IUR0,Q92643,random,0.1241,0.9307,False
Q9BXI6,Q9ZUC2,random,0.1204,0.8812,False
O35031,P40584,random,0.1587,0.7463,False
P48651,Q96KD3,random,0.1677,0.8942,False
Q09324,Q80ZF2,random,0.1355,0.8915,False
P31324,P67910,random,0.1612,0.8579,False
O22841,Q8WXS4,random,0.1405,0.8691,False
P04152,Q60737,random,0.167,0.7912,False
P49637,P80872,random,0.1307,0.8616,False
O14960,P35318,random,0.1777,0.872,False
P76221,Q9LEA7,random,0.1573,0.829,False
P0AB20,Q9UNE2,random,0.1016,0.8972,False
O54775,Q570X5,random,0.1432,0.8729,False
P91343,Q9C615,random,0.1469,0.8996,False
P40154,Q8BR90,random,0.1594,0.8822,False
O02639,P18196,random,0.1617,0.8522,False
Q61826,Q96I15,random,0.1646,0.7679,False
P39621,Q8VYJ2,random,0.1467,0.8304,False
Q9M1J7,Q9VEW2,random,0.0479,0.8218,False
O34558,P57106,random,0.1671,0.8971,False
O34831,Q9M0Z5,random,0.1611,0.96,False
A2AKK5,Q07949,random,0.1318,0.8972,False
B3H453,Q4KM14,random,0.1013,0.8349,False
P75826,Q94A52,random,0.1509,0.8514,False
P55087,Q93YP7,random,0.1617,0.8433,False
P19622,Q15846,random,0.1325,0.8662,False
Q07654,Q5F2N3,random,0.0611,0.8952,False
Q810P2,Q96N03,random,0.1531,0.8169,False
O34308,Q6NNP0,random,0.1384,0.8203,False
Q9SA27,Q9ZW26,random,0.1394,0.9034,False
P53996,Q56YW9,random,0.1192,0.7885,False
Q6PFT6,Q9SEE9,random,0.1039,0.6526,False
O82274,Q9BUY7,random,0.1133,0.9254,False
Q9BUR5,Q9SVF3,random,0.1455,0.8584,False
O60637,P37674,random,0.1506,0.8252,False
Q8BGA9,Q9UBC7,random,0.0947,0.8899,False
P37268,Q9FM91,random,0.1708,0.8318,False
A3KQA5,P0AER5,random,0.1481,0.715,False
Q8C0C7,Q9C6M2,random,0.16,0.8562,False
Q8BU31,Q8GY96,random,0.175,0.7101,False
P28248,Q9NYP7,random,0.1558,0.7783,False
Q6NKR2,Q9VYV3,random,0.1337,0.8414,False
P08556,Q2NL98,random,0.1414,0.6969,False
O34317,Q9BTA0,random,0.1522,0.8361,False
Q06828,Q9SUC0,random,0.1522,0.8133,False
P21855,Q9M2C9,random,0.1711,0.835,False
P0A7D7,P0C0P8,random,0.1055,0.8771,False
P90921,Q8N4H0,random,0.0842,0.93,False
Q6P1Z5,Q9LTF2,random,0.1136,0.9055,False
Q7T338,Q96HD1,random,0.108,0.8703,False
Q8N5Z0,Q9NV29,random,0.0918,0.8179,False
O34381,Q9VF27,random,0.1202,0.88,False
P12272,Q9FKZ3,random,0.1369,0.906,False
P17329,Q9N2V6,random,0.1462,0.7692,False
O54709,Q8LDU1,random,0.1411,0.8743,False
P50897,Q6DBY9,random,0.1544,0.9331,False
O45168,Q8N2G6,random,0.1064,0.9001,False
P27810,Q8CEK3,random,0.0687,0.8791,False
P39314,Q8NG68,random,0.1721,0.7796,False
Q9LSL6,Q9V7D2,random,0.1631,0.8959,False
P54544,Q9R014,random,0.1448,0.8477,False
P35184,P54175,random,0.1393,0.7389,False
F4HVZ5,P0A988,random,0.1676,0.7066,False
P80455,Q9SRM9,random,0.0926,0.938,False
P63254,Q7TSN2,random,0.1053,0.6922,False
P16433,Q91W67,random,0.15,0.9214,False
O75223,P91455,random,0.1564,0.823,False
O34932,Q9S7R4,random,0.1014,0.7289,False
P0ACI6,P24309,random,0.1084,0.7953,False
Q6UXP3,Q9LXR9,random,0.0974,0.8891,False
P09163,Q9D4C9,random,0.1117,0.8572,False
Q8LCL3,Q96A26,random,0.1497,0.9121,False
O70354,O81514,random,0.1445,0.8355,False
P07478,P0AA60,random,0.1594,0.6561,False
P33622,Q12167,random,0.0603,0.8804,False
F4INN2,P0C7L0,random,0.1138,0.7924,False
P01797,P05637,random,0.1214,0.7317,False
Q7Z4L0,Q9SZ51,random,0.0968,0.7197,False
P47158,Q6E279,random,0.1722,0.9283,False
O82275,P51419,random,0.1679,0.7936,False
P48360,Q61469,random,0.152,0.8808,False
Q9QXK2,Q9Y3V2,random,0.1248,0.9539,False
Q925N4,Q9D7H4,random,0.1562,0.8769,False
Q47157,Q9SEZ9,random,0.0843,0.8454,False
P07350,P27305,random,0.1429,0.8717,False
O61492,O76584,random,0.1329,0.8502,False
O95772,Q9BRQ0,random,0.138,0.8659,False
Q19269,Q1JPP8,random,0.0596,0.8164,False
Q8N136,Q9FRL5,random,0.1391,0.6879,False
P70271,Q96T75,random,0.1061,0.8762,False
A3KNM5,Q64462,random,0.0509,0.7793,False
Q39261,Q70II3,random,0.1622,0.9466,False
P42297,Q9H400,random,0.1149,0.6897,False
P20081,Q14761,random,0.1538,0.6605,False
Q9C7X8,Q9NX36,random,0.1403,0.8477,False
O31934,Q8BUH1,random,0.1353,0.9069,False
P09486,Q9CXL1,random,0.1287,0.922,False
O34449,O60687,random,0.1551,0.8496,False
O04904,Q96IZ0,random,0.1705,0.8982,False
Q5RKV6,Q9FK16,random,0.0772,0.7755,False
P08556,Q9VTJ8,random,0.1451,0.7699,False
P53095,Q8VYF1,random,0.1186,0.7968,False
Q8IV50,Q96QI5,random,0.1826,0.8958,False
Q5PP28,Q93615,random,0.1607,0.8342,False
Q96NS5,Q9W141,random,0.0927,0.8474,False
Q0P457,Q8T3L6,random,0.1576,0.8856,False
Q8BNI4,Q8L936,random,0.1518,0.9002,False
P09053,Q9NVF7,random,0.1763,0.9095,False
A0A140LIT1,Q04868,random,0.1481,0.8134,False
P22816,Q8R1F5,random,0.1605,0.8938,False
Q3TYE7,Q9CPV1,random,0.1546,0.9082,False
P0AEG8,Q9LYY2,random,0.1639,0.8881,False
P08736,Q16048,random,0.0497,0.8469,False
Q96PM5,Q9ZR02,random,0.1429,0.8289,False
P80860,Q5VXD3,random,0.082,0.8555,False
Q09322,Q9CAC7,random,0.1652,0.8976,False
P0CW19,P97457,random,0.1387,0.9295,False
P56802,Q9NYP7,random,0.1197,0.7283,False
G5EEI4,Q9LNH6,random,0.1418,0.8242,False
P06746,P38702,random,0.1835,0.8149,False
Q9SU38,Q9Z2F2,random,0.1072,0.8307,False
Q15738,Q9CAP4,random,0.1508,0.8081,False
A2AKM2,Q9QYI4,random,0.1211,0.9011,False
P52906,Q9BIB4,random,0.1146,0.8769,False
Q80ZU9,Q9CQ94,random,0.1187,0.9027,False
Q8W472,Q9FLY0,random,0.0767,0.7817,False
Q9AST8,Q9FFE8,random,0.1104,0.9043,False
P34697,Q9UHF1,random,0.1527,0.8453,False
P90917,Q7L2H7,random,0.1723,0.8326,False
Q6P6C2,Q8CF02,random,0.0685,0.7889,False
Q1JPW9,Q9SJU4,random,0.1153,0.9176,False
P23453,Q9UHD0,random,0.1265,0.8293,False
P92983,Q05568,random,0.1373,0.9183,False
P57768,Q23175,random,0.1719,0.9641,False
P39145,Q5XVC4,random,0.16,0.8954,False
P31334,Q6DC93,random,0.1688,0.8462,False
Q8AXX2,Q8K087,random,0.1485,0.655,False
A6NFE2,P47180,random,0.1432,0.7198,False
O34870,O48522,random,0.1531,0.763,False
Q1JPP8,Q9SD96,random,0.0797,0.7956,False
Q78XF5,Q90476,random,0.121,0.8847,False
Q8BHE1,Q9CA02,random,0.1462,0.8538,False
Q7ZW11,Q8H185,random,0.0978,0.9318,False
P37572,Q8C627,random,0.1947,0.8345,False
P37769,Q8CAC8,random,0.1423,0.555,False
Q91X51,Q9Y282,random,0.1481,0.8397,False
A6NGS2,Q5XFR0,random,0.1209,0.9319,False
G5EEI4,O62518,random,0.1634,0.7923,False
P94589,Q8IY49,random,0.114,0.877,False
P59022,P93004,random,0.1,0.686,False
P97801,Q9EQC4,random,0.1507,0.7718,False
Q9BTE7,Q9FNP8,random,0.1107,0.9423,False
O45291,P52196,random,0.1256,0.7651,False
P39902,Q5BU39,random,0.1333,0.8841,False
P76103,Q2KHN1,random,0.1225,0.8033,False
O04089,Q9LUJ1,random,0.1469,0.8042,False
A6NMX2,Q3E7T8,random,0.1672,0.1101,False
O88543,Q05195,random,0.1163,0.9255,False
P21274,Q7ZWA3,random,0.1763,0.6415,False
P91416,Q8VDD8,random,0.1011,0.9183,False
P39349,Q969G6,random,0.1242,0.9165,False
P38429,Q8RWM6,random,0.1806,0.9341,False
Q5FWC3,Q9BUR5,random,0.1638,0.9179,False
P07260,Q15695,random,0.1095,0.867,False
Q8VY49,Q9N5K2,random,0.1554,0.947,False
O08691,Q9Z0I6,random,0.172,0.8934,False
O81514,Q6DYE4,random,0.1457,0.9413,False
A0A1W2PR75,Q6NYV5,random,0.1455,0.9536,False
Q61701,Q8WVE6,random,0.1659,0.8347,False
P91343,Q04341,random,0.0797,0.8738,False
Q80VM8,Q9SLE0,random,0.1181,0.8697,False
P0A7R1,Q9FYL3,random,0.1002,0.841,False
Q9BV35,Q9UPQ4,random,0.1737,0.8438,False
O14791,Q96EF9,random,0.1671,0.9368,False
Q502I1,Q86UD3,random,0.1158,0.9642,False
Q7ZW25,Q9FIC9,random,0.133,0.8266,False
Q5F297,Q5PP28,random,0.1509,0.8385,False
Q8T053,Q969G6,random,0.0968,0.898,False
P03987,Q6PCB6,random,0.1626,0.8587,False
P11836,Q9SI09,random,0.1307,0.9493,False
P0DM41,Q9D772,random,0.1102,0.6788,False
P17343,Q9SMP2,random,0.0559,0.7638,False
Q8BPT6,Q9M9S2,random,0.122,0.8602,False
P48776,Q9LEA7,random,0.1274,0.8732,False
O43602,P04769,random,0.1536,0.9332,False
P49813,P54000,random,0.1828,0.9561,False
O35732,Q91392,random,0.1709,0.9557,False
P61578,Q8K3K7,random,0.0857,0.8554,False
P28658,P39810,random,0.1747,0.8151,False
P0AE67,P21765,random,0.1216,0.8096,False
Q3TQB2,Q8VE91,random,0.1691,0.906,False
Q16613,Q33DR3,random,0.1464,0.8913,False
C0SPA3,Q9SD25,random,0.0932,0.8136,False
Q53G44,Q9STY5,random,0.1011,0.9093,False
A6NKQ9,Q9UHJ6,random,0.1192,0.8989,False
Q8RY71,Q9I8V0,random,0.1173,0.1994,False
P77218,Q13113,random,0.1154,0.8519,False
E9PUL5,O95229,random,0.163,0.9224,False
D3Z7Q2,Q86UY6,random,0.0928,0.9136,False
Q6L8H1,Q9CQG0,random,0.0897,0.1913,False
Q1PFA4,Q9R210,random,0.1583,0.9227,False
P23202,Q9CA51,random,0.1045,0.9117,False
P56693,Q3U1J1,random,0.1477,0.9407,False
A2AMM0,Q9NVK5,random,0.1553,0.9554,False
P54356,Q08ED0,random,0.1351,0.9516,False
Q8CHS4,Q9Y2B2,random,0.1558,0.9129,False
P0C895,P36001,random,0.1566,0.8805,False
O35216,P13985,random,0.1696,0.8277,False
Q8VYI9,Q9JM73,random,0.1089,0.8978,False
Q13641,Q38836,random,0.1327,0.817,False
O60861,Q7TSN6,random,0.1549,0.9067,False
Q3ECT8,Q9VCW0,random,0.1588,0.9043,False
P08179,P62748,random,0.1564,0.7703,False
C0H440,O35474,random,0.1175,0.7432,False
P43024,P45757,random,0.1144,0.8555,False
P09372,P14060,random,0.118,0.7673,False
P97443,Q9VZD5,random,0.0935,0.9144,False
Q6UJB9,Q80Y75,random,0.1562,0.887,False
Q19863,Q8RX29,random,0.1276,0.9424,False
P18239,P23359,random,0.1689,0.7163,False
Q4V645,Q9UM13,random,0.129,0.9131,False
P55087,Q9VVA6,random,0.1915,0.8778,False
O61492,Q8IZS7,random,0.0973,0.7887,False
Q61114,Q9D300,random,0.1839,0.9521,False
Q95ZY4,Q96J42,random,0.1509,0.8525,False
P61580,Q9I8P3,random,0.1683,0.867,False
Q9R0M1,Q9SEE9,random,0.1367,0.501,False
Q9FF53,Q9H1K1,random,0.1507,0.8679,False
Q969Z4,Q96A37,random,0.1503,0.8601,False
Q86WR6,Q9LJJ7,random,0.129,0.8697,False
P23435,Q9VR82,random,0.1203,0.8585,False
Q9VYX1,Q9ZNW0,random,0.0797,0.8758,False
A5PLC8,Q9SAZ5,random,0.1218,0.755,False
P49678,Q56WH4,random,0.1383,0.8592,False
P0AFU0,Q12239,random,0.1873,0.8555,False
Q9FLN8,Q9SD42,random,0.1517,0.8914,False
Q502K1,Q5XJP1,random,0.1404,0.8604,False
P76397,Q569H4,random,0.156,0.5267,False
P31362,P49596,random,0.1645,0.8331,False
P0AE08,P46349,random,0.0907,0.7982,False
P41271,Q5H9I0,random,0.1182,0.9238,False
P11588,P79724,random,0.1301,0.8946,False
O49316,Q9Y3T6,random,0.1466,0.8166,False
Q9M3A3,Q9QX98,random,0.125,0.888,False
A8MZ59,P46999,random,0.1584,0.8935,False
Q940L5,Q94A09,random,0.1329,0.9128,False
O17706,O73682,random,0.1152,0.932,False
O81126,P00350,random,0.1301,0.6672,False
P02746,P0AFK0,random,0.1432,0.8192,False
P45767,Q9BWJ5,random,0.0738,0.8565,False
Q5W5X9,Q8GZ84,random,0.1387,0.9491,False
Q6NZ04,Q9NPG2,random,0.1338,0.9588,False
Q058P6,Q8LDB8,random,0.1469,0.9236,False
A0A286YEX9,Q9LM91,random,0.0679,0.5126,False
Q20432,Q8N1E2,random,0.1378,0.8741,False
P17260,Q96BR9,random,0.1464,0.8437,False
O32198,Q9VG74,random,0.1546,0.8854,False
P08066,Q7RTY9,random,0.1376,0.7511,False
P24013,Q3E9T2,random,0.0653,0.8707,False
P39718,Q8W593,random,0.1453,0.8726,False
Q6ZWI9,Q9UIJ5,random,0.1622,0.8858,False
A0A0B4J241,Q9C6V4,random,0.0625,0.7006,False
O17953,P18155,random,0.1888,0.9325,False
Q61151,Q8BWY4,random,0.1378,0.8898,False
Q06137,Q9LF64,random,0.1584,0.914,False
Q06217,Q1L9C7,random,0.1385,0.8746,False
P56544,Q8N6I4,random,0.1515,0.8288,False
P37355,P97953,random,0.1262,0.8097,False
A0A075B734,Q9Z2X2,random,0.1569,0.8066,False
O34838,Q5H9E4,random,0.0847,0.8351,False
P30302,Q921N8,random,0.1739,0.8024,False
Q96QZ0,Q9QXT6,random,0.1323,0.9394,False
A6NFU0,P38356,random,0.1686,0.8761,False
A1L2F6,Q9SZP1,random,0.1478,0.9161,False
P48346,Q9CZG9,random,0.1429,0.8784,False
O00161,Q9FMX7,random,0.1538,0.8261,False
O81641,P0A6E6,random,0.1075,0.8396,False
P34247,Q9M8M6,random,0.1418,0.9109,False
P31131,Q4G0N7,random,0.0914,0.7625,False
Q80ZQ5,Q8AWD1,random,0.1551,0.9419,False
O15263,Q9HBL8,random,0.087,0.8545,False
O82597,Q503V0,random,0.1572,0.8414,False
Q53SZ7,Q9SJ23,random,0.0922,0.7467,False
P36164,Q8BGR8,random,0.1235,0.916,False
Q71SG7,Q8VZ37,random,0.1142,0.9099,False
P38331,Q8L638,random,0.1172,0.8565,False
P34661,Q9Z2Q6,random,0.0863,0.9138,False
Q9EQG7,Q9SA80,random,0.1689,0.8128,False
Q6TLE6,Q9SHD3,random,0.1633,0.872,False
Q27377,Q8JIR0,random,0.1323,0.9135,False
P76445,Q9H209,random,0.1765,0.4484,False
Q9FFS9,Q9LM66,random,0.1553,0.8543,False
A6NGN9,Q12402,random,0.1199,0.7121,False
Q99697,Q99KR7,random,0.1455,0.9095,False
Q8WWH4,Q9H8M7,random,0.1689,0.9578,False
P25696,P32684,random,0.1473,0.8408,False
Q9LFM5,Q9SCS9,random,0.1387,0.8524,False
P0A8Y8,Q03201,random,0.1389,0.794,False
O46098,Q9H1J7,random,0.0975,0.9489,False
O07627,Q9LVD4,random,0.1302,0.6465,False
Q8IH24,Q9BZY9,random,0.1127,0.8963,False
O64503,Q12391,random,0.1674,0.7819,False
P28148,Q9EQS3,random,0.1238,0.9391,False
D5K228,Q9LYY7,random,0.1709,0.9263,False
Q9BYQ4,Q9M2J7,random,0.1273,0.6805,False
Q9VDS6,Q9VGA2,random,0.1134,0.8721,False
G5EGC4,P11588,random,0.1111,0.9458,False
P76161,Q8BUH1,random,0.1294,0.9487,False
Q8L910,Q9D9S3,random,0.1595,0.7538,False
P16691,Q96I25,random,0.104,0.7515,False
P40063,Q8BKT6,random,0.1342,0.8968,False
Q07949,Q8K1T0,random,0.167,0.8882,False
Q8N5C1,Q8N9N2,random,0.1457,0.9345,False
O81045,P80239,random,0.1535,0.8741,False
P06028,Q9SVA1,random,0.0785,0.87,False
P35347,P35461,random,0.1034,0.8316,False
P48539,P61163,random,0.0638,0.7439,False
O34403,P27431,random,0.1704,0.8741,False
Q7Z4H3,Q98877,random,0.1711,0.8367,False
F1R4C4,Q9CQK1,random,0.0968,0.9587,False
P27539,Q9GZV1,random,0.1612,0.841,False
Q09226,Q9FIH5,random,0.1637,0.8507,False
P12314,P24031,random,0.1543,0.7213,False
P49856,Q2V2W7,random,0.1466,0.7197,False
Q9CQK7,Q9D0T7,random,0.1516,0.9354,False
Q20561,Q3U034,random,0.0888,0.9394,False
Q5SY68,Q99LT0,random,0.1478,0.9208,False
P0AE26,Q9SRM9,random,0.1563,0.7996,False
A6NJ69,Q8LGC6,random,0.0622,0.7663,False
P80880,Q9HAB3,random,0.1463,0.6131,False
Q9H741,Q9SP35,random,0.1408,0.8168,False
F4ISE2,O81025,random,0.0559,0.8903,False
Q05639,Q08199,random,0.1683,0.913,False
O22467,Q9CXT8,random,0.1688,0.7771,False
P0AE56,Q04888,random,0.0601,0.8371,False
Q9C6N2,Q9JKT3,random,0.1622,0.8248,False
O23305,Q9LY28,random,0.1446,0.8449,False
P19256,P97426,random,0.1401,0.8693,False
O55208,P03985,random,0.1475,0.8809,False
Q5JRV8,Q86YB8,random,0.1378,0.9477,False
P0ACL5,Q8K021,random,0.1299,0.8444,False
A6NJ69,O14662,random,0.0462,0.7519,False
P26023,Q9D0N8,random,0.1202,0.6516,False
Q0WML3,Q9BYP9,random,0.1484,0.6482,False
B2RXA1,Q9FF53,random,0.1425,0.8666,False
O96033,P76224,random,0.0665,0.819,False
Q80Y75,Q9XZH6,random,0.1266,0.9178,False
Q19821,Q7LFL8,random,0.1538,0.8768,False
P40476,Q03048,random,0.1258,0.9202,False
P62651,Q9VA83,random,0.0793,0.9366,False
O05228,P51413,random,0.1356,0.806,False
Q14032,Q3URK1,random,0.1549,0.9122,False
Q0WQG8,Q9ZW86,random,0.1593,0.8323,False
P59467,Q6PH18,random,0.0977,0.9624,False
P54005,Q9C969,random,0.1643,0.8633,False
P05230,Q9S9P8,random,0.1224,0.89,False
Q6JIY5,Q9SKD0,random,0.1667,0.9561,False
P39325,Q5VTE0,random,0.1765,0.8394,False
Q5JUK9,Q9ZWA1,random,0.0814,0.9184,False
P0A7H0,Q9VZL6,random,0.0896,0.8369,False
Q56Y11,Q9FKK7,random,0.1446,0.8649,False
Q06402,Q9FJR5,random,0.1026,0.8716,False
Q6DYE5,Q9JI81,random,0.1363,0.8459,False
Q9SD07,Q9Z0H4,random,0.1528,0.7462,False
Q96EK9,Q9FNZ2,random,0.141,0.8802,False
P91994,Q9LYK9,random,0.0925,0.8441,False
Q08004,Q9FHH5,random,0.1648,0.947,False
Q13156,Q9VWV8,random,0.1509,0.959,False
P35603,Q9JM73,random,0.1442,0.8867,False
Q18428,Q53T59,random,0.1592,0.8556,False
P58550,Q9Y6U7,random,0.069,0.9145,False
P39376,Q9LUJ1,random,0.1726,0.8203,False
F4J078,Q94ID2,random,0.1027,0.9225,False
F1Q575,P38842,random,0.1462,0.8776,False
Q6DGT7,Q9C991,random,0.1461,0.8415,False
P10984,Q8NA23,random,0.1514,0.6433,False
A0A0B4J244,Q8R0K4,random,0.0959,0.7225,False
P75989,Q9SAB4,random,0.1293,0.8692,False
P0AFK4,Q61711,random,0.1328,0.6287,False
O34861,Q17424,random,0.1027,0.8102,False
O80765,P70343,random,0.1841,0.9058,False
Q4VXA5,Q5FC64,random,0.1648,0.9542,False
Q9LE63,Q9VTY6,random,0.1246,0.9109,False
O23100,Q9ZUR7,random,0.149,0.8383,False
Q9HB14,Q9LT47,random,0.1686,0.8678,False
Q3U132,Q6NMD6,random,0.0786,0.9244,False
P0A8T1,P75830,random,0.1711,0.7775,False
P0ACI6,Q17569,random,0.1337,0.8457,False
P39325,Q9C8Y6,random,0.1599,0.6605,False
A0A1B0GVM5,Q9VT52,random,0.125,0.9206,False
P91535,Q8MKJ4,random,0.1124,0.9326,False
P47873,Q30KN4,random,0.1,0.8758,False
P10795,P10922,random,0.1298,0.6872,False
P0AFM6,P42001,random,0.1372,0.8241,False
P42771,Q9W4Z4,random,0.1677,0.7887,False
P03980,P91622,random,0.0969,0.7544,False
O96020,P36544,random,0.1747,0.8567,False
P24011,Q940N9,random,0.1434,0.7884,False
P39119,P43117,random,0.1553,0.8819,False
P14621,Q03591,random,0.0906,0.7921,False
P32781,Q0WV96,random,0.0816,0.9407,False
P14097,Q794W0,random,0.0681,0.8482,False
Q2TAL5,Q9SMM5,random,0.1316,0.8453,False
Q9C8M0,Q9JJR9,random,0.159,0.9244,False
P49637,Q9SQG2,random,0.1069,0.841,False
P34167,Q27580,random,0.1527,0.7656,False
Q80UQ2,Q9S7G2,random,0.1765,0.9326,False
F4I5N6,Q5SPP0,random,0.1339,0.8842,False
Q91VU1,Q9LK24,random,0.1552,0.9354,False
P61088,Q9Y6I8,random,0.1327,0.9496,False
Q0WML3,Q9Y6I0,random,0.1491,0.8757,False
O07560,Q9Z0S3,random,0.1343,0.7727,False
O16202,Q86UD7,random,0.1329,0.8773,False
Q18446,Q9VHS8,random,0.1028,0.8906,False
P24186,Q9P032,random,0.1356,0.8017,False
P57081,Q91V81,random,0.1777,0.8419,False
P30281,Q5SUV1,random,0.1626,0.8772,False
P15532,Q12379,random,0.1554,0.9209,False
P0ABD3,Q9HDD0,random,0.1622,0.8695,False
P22333,P27828,random,0.1814,0.8559,False
P76613,Q0VB26,random,0.125,0.9391,False
O06965,P75942,random,0.175,0.8242,False
P01729,Q9D600,random,0.123,0.7974,False
O80460,P29383,random,0.0814,0.9114,False
Q06217,Q8SXT3,random,0.0878,0.8521,False
Q0WWX5,Q6NKS1,random,0.1724,0.8716,False
Q38894,Q8VXY4,random,0.1538,0.8206,False
Q7Z4M0,Q9VWF4,random,0.1684,0.9224,False
P01898,Q92670,random,0.1562,0.9179,False
Q29Q28,Q8W2F3,random,0.1335,0.8409,False
P32463,Q9VHI7,random,0.1132,0.8259,False
Q8LED3,Q9ZV52,random,0.0922,0.8349,False
O17699,Q15084,random,0.1308,0.8188,False
Q504H8,Q9VII1,random,0.1111,0.8968,False
O95992,Q9FJ87,random,0.14,0.7899,False
O95278,Q5MNV8,random,0.1457,0.9178,False
P0A6G7,P39581,random,0.1287,0.8749,False
Q6PD99,Q6UY27,random,0.129,0.5798,False
P57738,Q96FN9,random,0.2164,0.9646,False
P58334,Q64302,random,0.1389,0.7785,False
P53549,Q569E4,random,0.1616,0.8749,False
P54129,Q9UH03,random,0.1349,0.9144,False
P61857,Q5BJJ6,random,0.1738,0.8637,False
O23299,P35318,random,0.1462,0.8503,False
P10030,Q9LHJ8,random,0.1077,0.8931,False
Q9BQB6,Q9ZVF3,random,0.1404,0.8395,False
P51637,Q64302,random,0.1596,0.9512,False
P00360,Q64475,random,0.1051,0.9365,False
P17542,Q9DCH2,random,0.1235,0.8925,False
Q61477,Q9M122,random,0.1481,0.9121,False
P0A998,P31446,random,0.1547,0.788,False
Q93244,Q9LH88,random,0.087,0.8305,False
O49647,Q9Z0M9,random,0.1474,0.8065,False
P20863,Q9P1U1,random,0.1441,0.754,False
P0AE37,Q6P1R4,random,0.1639,0.9165,False
P48772,P54005,random,0.0714,0.9065,False
P04925,Q9SUD4,random,0.152,0.8324,False
O35885,Q940G6,random,0.1408,0.8373,False
P80873,Q9R061,random,0.1483,0.7703,False
O06965,P0A6U5,random,0.1947,0.7681,False
P39376,P50715,random,0.0891,0.8058,False
Q93YQ3,Q9P032,random,0.1339,0.9477,False
A0A8M3AJY3,O01393,random,0.1375,0.9203,False
P45858,Q4PSY2,random,0.1609,0.843,False
O06995,Q84W04,random,0.1261,0.7702,False
P41991,Q9XI19,random,0.1531,0.9067,False
Q3E944,Q9U1H8,random,0.1493,0.828,False
P13714,Q9LJR2,random,0.1488,0.8033,False
P23591,P94360,random,0.1832,0.8934,False
P03985,P43674,random,0.1343,0.7701,False
Q3SXZ7,Q5VSE6,random,0.1568,0.9254,False
Q9LVD9,Q9VKD6,random,0.1336,0.7274,False
Q9D4W2,Q9XZT6,random,0.1642,0.9254,False
Q5VSE6,Q9FMI7,random,0.1512,0.9226,False
O70172,Q02819,random,0.1622,0.8952,False
Q95ZS0,Q9C540,random,0.1498,0.8679,False
O80927,P50734,random,0.1469,0.9084,False
Q84X07,Q9S7T5,random,0.1466,0.9306,False
Q8VZN1,Q94981,random,0.1506,0.304,False
Q86VK4,Q96EQ0,random,0.1297,0.8845,False
O30509,O34966,random,0.1643,0.7659,False
P23813,Q7T292,random,0.1611,0.7797,False
Q922M3,Q9CQC7,random,0.1293,0.9118,False
P54227,Q803D2,random,0.1073,0.7573,False
P0A8A4,P48362,random,0.1683,0.9331,False
P32781,Q9JI13,random,0.055,0.8778,False
Q6PGU2,Q9C8J1,random,0.139,0.8583,False
Q13239,Q90423,random,0.1637,0.9301,False
P01747,P17542,random,0.0923,0.7065,False
Q9ASZ1,Q9CYF5,random,0.1408,0.8593,False
P38985,P97858,random,0.1269,0.7848,False
Q18533,Q98879,random,0.2105,0.9207,False
P40740,Q9CR61,random,0.0896,0.8756,False
P0A8B2,Q6P5L7,random,0.1533,0.8552,False
P53688,Q502C1,random,0.1067,0.9344,False
Q96IJ6,Q96NC0,random,0.1069,0.8285,False
Q08966,Q8N9Y4,random,0.1373,0.1955,False
P40042,Q00888,random,0.1024,0.8108,False
P42207,Q9FK04,random,0.1566,0.9332,False
P42315,Q8CCS2,random,0.1111,0.8726,False
Q91YU3,Q9W088,random,0.1409,0.8803,False
P37639,Q9M9B3,random,0.1388,0.8905,False
Q56Z59,Q9XGX9,random,0.0673,0.8797,False
P25454,Q92743,random,0.1693,0.9127,False
Q9NZ43,Q9SCK2,random,0.1081,0.905,False
P08431,P42906,random,0.1148,0.8429,False
P39835,Q5VUM1,random,0.0706,0.7928,False
Q16831,Q1PEY6,random,0.1323,0.9054,False
O70337,P62316,random,0.1562,0.8099,False
P14065,Q5H9L4,random,0.1501,0.813,False
Q8K183,Q9VJ97,random,0.1452,0.8863,False
P0C941,Q9VN19,random,0.15,0.9503,False
Q3ULJ0,Q9D495,random,0.1715,0.869,False
P16871,Q9LLR6,random,0.0697,0.7027,False
P00966,Q8W4F1,random,0.1647,0.9171,False
P20115,Q8C1I6,random,0.0633,0.5029,False
Q5CZ52,Q8BNI4,random,0.1142,0.8586,False
P09455,Q9SII0,random,0.1644,0.8915,False
H2KYQ5,O48822,random,0.1002,0.8878,False
O31584,P77218,random,0.1892,0.8849,False
Q2YDS5,Q93VI4,random,0.1547,0.8786,False
Q8CJC7,Q9CQG0,random,0.1445,0.9102,False
Q8NFH5,Q96MV1,random,0.1691,0.2319,False
B2RXH8,Q3UR32,random,0.1386,0.8766,False
Q2M2E3,Q8N5G0,random,0.084,0.9286,False
P46571,Q9SU75,random,0.1261,0.9257,False
P37095,Q8CJ70,random,0.1186,0.8191,False
Q93841,Q9FJL8,random,0.1491,0.8832,False
A0A087WW87,P02841,random,0.1488,0.7808,False
F4IPE3,Q5JQF8,random,0.1305,0.8213,False
O65458,Q9QZC7,random,0.1284,0.8259,False
O31965,Q9C545,random,0.1128,0.8671,False
P82909,Q9FXI7,random,0.1348,0.9441,False
P47111,Q9D9B0,random,0.13,0.7392,False
P43241,Q46925,random,0.1691,0.7455,False
P03985,P53171,random,0.1603,0.8611,False
P0DML2,Q96D59,random,0.188,0.9391,False
Q6DKK2,Q8N461,random,0.1644,0.9376,False
P19182,Q9XF63,random,0.1453,0.9327,False
O95231,Q8IXJ6,random,0.187,0.8695,False
Q1PE68,Q84L33,random,0.1425,0.8264,False
P48641,Q642M9,random,0.1631,0.8547,False
Q8C708,Q9M001,random,0.1328,0.8832,False
Q18936,Q5VWX1,random,0.1586,0.8176,False
Q8N104,Q9R0M1,random,0.0621,0.7545,False
P21243,Q96MC5,random,0.149,0.9203,False
P77650,Q4VBW0,random,0.1632,0.7896,False
P42795,Q86UP9,random,0.1434,0.9146,False
O75964,Q06266,random,0.0716,0.9405,False
Q14BT6,Q94300,random,0.1429,0.9037,False
Q0WQG8,Q45VN2,random,0.0621,0.8823,False
Q27896,Q9VLP9,random,0.1571,0.8871,False
Q9SV07,Q9VG95,random,0.1652,0.8052,False
P22574,Q9Y615,random,0.1333,0.8649,False
G5EGN3,P05052,random,0.109,0.8629,False
Q5HZ54,Q93Z96,random,0.157,0.914,False
Q91V51,Q9LVR5,random,0.153,0.9147,False
P0A703,P94360,random,0.0877,0.8664,False
P16263,Q9GIP4,random,0.1069,0.815,False
Q09608,Q96QA5,random,0.17,0.9293,False
Q07104,Q9SXC8,random,0.127,0.8377,False
Q7L3V2,Q9NX31,random,0.1694,0.9358,False
O14561,Q6NYD1,random,0.1346,0.8371,False
Q8S8N3,Q9JIZ0,random,0.1031,0.7116,False
A6ND01,Q9BYM8,random,0.1079,0.9045,False
P08101,P39820,random,0.1523,0.7356,False
P06961,Q9C7M1,random,0.192,0.7744,False
Q17886,Q8K1I3,random,0.1361,0.8958,False
P64534,Q96324,random,0.1256,0.8364,False
Q99326,Q99538,random,0.179,0.9382,False
P0A9M2,Q86WK6,random,0.1006,0.709,False
P97783,Q9FYL3,random,0.0697,0.9099,False
A2A9I7,O31893,random,0.0501,0.822,False
Q15014,Q91XV3,random,0.1419,0.7113,False
P0AB24,Q9SJW3,random,0.1093,0.9082,False
O55208,Q9LZG0,random,0.1343,0.8361,False
Q9H9V4,Q9UKS6,random,0.115,0.9086,False
P0ADR8,Q9BIB4,random,0.0915,0.9633,False
O35536,Q23221,random,0.14,0.8417,False
Q9D513,Q9Z121,random,0.0699,0.8848,False
A0A178U9T0,Q11184,random,0.0706,0.8255,False
P18005,Q0WPY0,random,0.1579,0.9549,False
Q17R55,Q8W4A5,random,0.1724,0.8992,False
P28062,Q8K2X3,random,0.1594,0.9386,False
P40476,Q9STY5,random,0.1358,0.9065,False
Q56X75,Q8C627,random,0.1004,0.8788,False
Q19269,Q6Y288,random,0.1489,0.8468,False
O15541,P01834,random,0.1079,0.7806,False
P53860,Q96NK8,random,0.1718,0.9147,False
Q13509,Q9D9S3,random,0.1247,0.935,False
Q14BQ3,Q5Y5T3,random,0.1204,0.966,False
P08637,P09813,random,0.1211,0.7815,False
P80244,Q8BPK2,random,0.12,0.8087,False
P09690,Q6DGK2,random,0.1628,0.8451,False
O34859,Q8TDE3,random,0.1093,0.8813,False
P38777,Q13887,random,0.1176,0.8827,False
P91027,Q07473,random,0.1928,0.8989,False
Q38945,Q7ZV43,random,0.1526,0.8483,False
P36952,Q503H1,random,0.1786,0.8323,False
P04456,Q0VAA2,random,0.0738,0.852,False
A0JMQ7,P47114,random,0.1784,0.8868,False
P02795,Q9JJ00,random,0.0755,0.8148,False
Q66HZ2,Q9VCG2,random,0.121,0.9179,False
O05243,Q9FI76,random,0.1706,0.8821,False
P50618,Q9LTE1,random,0.1837,0.9011,False
P37651,P94498,random,0.1481,0.8412,False
P07791,Q99KQ4,random,0.053,0.792,False
P02841,Q9VCZ8,random,0.1071,0.9093,False
P48603,Q9VJY6,random,0.1398,0.8945,False
O34453,Q8NES8,random,0.0634,0.7583,False
Q3UJ81,Q94C27,random,0.0997,0.8786,False
O35034,P36139,random,0.1201,0.8989,False
C0HKA2,P0DM41,random,0.1462,0.6518,False
Q12468,Q8BP40,random,0.1649,0.92,False
P11742,Q9XWU8,random,0.1068,0.9239,False
P0A7Y8,Q96A37,random,0.1435,0.7902,False
P22814,Q7TSP5,random,0.1445,0.7764,False
Q01851,Q9SF15,random,0.1564,0.8686,False
Q86WA6,Q8N9X5,random,0.1164,0.779,False
Q38805,Q9NP77,random,0.1134,0.848,False
O32090,Q99LN9,random,0.1367,0.835,False
Q30KP5,Q5F297,random,0.0676,0.8307,False
Q8N2R0,Q9D4F2,random,0.1696,0.8613,False
P16562,Q62422,random,0.1692,0.8539,False
P07236,Q6PHE8,random,0.1194,0.8941,False
O49561,Q8CCF0,random,0.1465,0.8914,False
Q9S7E4,Q9SD96,random,0.1624,0.8519,False
Q60571,Q8VYS8,random,0.1702,0.9405,False
B3H7A6,Q8RWH8,random,0.0957,0.2671,False
O82204,Q94EH2,random,0.1502,0.9061,False
A0A075B6L6,P17891,random,0.0864,0.7163,False
A7DTG3,Q9H944,random,0.1425,0.9317,False
O95983,Q09PK2,random,0.1718,0.9341,False
O34500,Q9LXJ7,random,0.1368,0.7358,False
Q03224,Q9QXV1,random,0.1554,0.8871,False
Q62220,Q9BL19,random,0.1008,0.1557,False
P01742,Q9VIP7,random,0.1045,0.6888,False
Q2V2P1,Q4PT23,random,0.062,0.6603,False
Q9LHP2,Q9SWX9,random,0.1481,0.6804,False
Q8CG80,Q9CXT7,random,0.1761,0.9137,False
Q13454,Q29Q28,random,0.1584,0.9037,False
P40078,P94425,random,0.0996,0.7147,False
Q8R1V4,Q941D6,random,0.1392,0.9013,False
Q8BWL5,Q8VY91,random,0.1293,0.8314,False
P54575,Q3URK1,random,0.1652,0.7405,False
P50277,Q9W088,random,0.1729,0.9175,False
P0ACR9,Q9XGX9,random,0.1307,0.8518,False
Q6PF05,Q9W3W5,random,0.1643,0.906,False
P64646,Q9FLI5,random,0.0433,0.885,False
F5H284,P35813,random,0.1325,0.8416,False
O23421,Q9FIU6,random,0.1218,0.803,False
P31057,Q8NDY4,random,0.1181,0.7367,False
Q9H0Y0,Q9STQ0,random,0.1432,0.8546,False
J3QMK6,Q9ZNU9,random,0.1002,0.7867,False
P12114,Q9P127,random,0.1584,0.8164,False
P77581,Q8C1E1,random,0.1949,0.7726,False
Q86XR8,Q9CR83,random,0.1135,0.9476,False
Q96I23,Q9ZU51,random,0.1776,0.9302,False
Q86SG4,Q9LU10,random,0.1,0.8379,False
P58035,P96729,random,0.1067,0.8486,False
P0AAH8,Q7T291,random,0.1631,0.8779,False
Q9H3H1,Q9LPL4,random,0.1708,0.8822,False
Q62394,Q9ZQY6,random,0.1494,0.937,False
P0ADK6,Q58FZ0,random,0.1821,0.8935,False
P06336,Q12206,random,0.173,0.8235,False
O17271,P62515,random,0.087,0.865,False
P21476,Q9NSE2,random,0.1042,0.8689,False
A3KNX5,Q9HAP6,random,0.1557,0.9293,False
A0A0G2KQY6,Q9XWN9,random,0.1226,0.9039,False
O48818,Q9JIY7,random,0.1493,0.8825,False
O04209,Q16559,random,0.1157,0.8844,False
P39377,Q5XJX1,random,0.1559,0.8796,False
P09067,Q9FL76,random,0.1746,0.8988,False
P0A6U5,Q24106,random,0.1256,0.7174,False
Q501J2,Q94AR4,random,0.1139,0.8919,False
Q94JX5,Q9DD18,random,0.1577,0.8908,False
P28618,Q5H9L4,random,0.1293,0.8054,False
Q6NS38,Q9UJA9,random,0.1313,0.8426,False
A0A1P8BH03,Q6IM86,random,0.0965,0.8868,False
Q8K558,Q9FE25,random,0.1331,0.797,False
P48543,P56079,random,0.159,0.883,False
A9JRE2,O82645,random,0.1503,0.9186,False
P52107,P75937,random,0.0796,0.7948,False
P96587,Q16520,random,0.0881,0.8236,False
P15260,Q9FFS9,random,0.1705,0.8877,False
Q9LF22,Q9LNI2,random,0.0886,0.8505,False
P0DTL6,P98080,random,0.1455,0.8161,False
F4IZC5,O43704,random,0.1773,0.842,False
Q9FH50,Q9GYU7,random,0.0943,0.9401,False
F4I9G2,Q9FIT1,random,0.1564,0.9338,False
P0C2L3,Q14BT6,random,0.1114,0.9194,False
Q6ZN32,Q9ZUV1,random,0.1497,0.7997,False
O04314,Q9CYF5,random,0.1645,0.8494,False
F4IC29,Q08931,random,0.1394,0.8715,False
P15974,Q86VZ2,random,0.103,0.5774,False
P34349,Q23369,random,0.1295,0.9613,False
Q6IQ63,Q9BIG4,random,0.1405,0.843,False
Q3URS9,Q8LCQ3,random,0.0911,0.9115,False
P0DKI0,P51682,random,0.1433,0.7236,False
Q7L9L4,Q9SNC0,random,0.16,0.9522,False
P10083,Q0P4A7,random,0.1313,0.9043,False
P0C2G5,P16870,random,0.1583,0.8296,False
P23492,Q9JL15,random,0.1738,0.8871,False
O01887,Q8WYH8,random,0.1304,0.8969,False
O60551,P0A8N0,random,0.1064,0.9516,False
P07903,Q7T3H7,random,0.1358,0.8761,False
F1R8Z9,O64700,random,0.1326,0.8968,False
Q5BKT4,Q9VE11,random,0.1088,0.7684,False
Q8VHB5,Q9H9L7,random,0.1419,0.8674,False
P0AFU0,Q9FJF6,random,0.0907,0.7539,False
Q96252,Q9D9S3,random,0.1492,0.9372,False
Q94981,Q9ZQ88,random,0.1537,0.9062,False
C0LLJ0,O95983,random,0.1211,0.9036,False
P25437,Q9HCE5,random,0.1481,0.8376,False
Q969D9,Q9C9H5,random,0.1136,0.8455,False
O65708,Q9XIF4,random,0.137,0.8764,False
O60543,Q12015,random,0.1333,0.9212,False
P53896,Q9ZWB8,random,0.1395,0.9114,False
Q75N73,Q86XR8,random,0.1516,0.9006,False
F4IQJ2,P70404,random,0.1485,0.9174,False
Q13595,Q5QNS5,random,0.1471,0.6228,False
P23445,P34480,random,0.1622,0.9003,False
O01404,P58340,random,0.1277,0.913,False
Q5BKT4,Q5GAN4,random,0.1071,0.797,False
O65657,Q02770,random,0.1325,0.9033,False
Q5TYX0,Q96H96,random,0.1549,0.7701,False
O95478,P92983,random,0.1294,0.9016,False
Q94L32,Q969E8,random,0.106,0.9358,False
Q66K66,Q9ZU51,random,0.1139,0.9134,False
Q7ZVJ8,Q9BQS2,random,0.1247,0.8413,False
P32645,Q8C7B6,random,0.1696,0.8548,False
Q9D081,Q9SH41,random,0.1818,0.8015,False
Q8N614,Q9C7J6,random,0.1221,0.851,False
P22605,Q9VLP9,random,0.1609,0.9216,False
P03950,Q9GZV9,random,0.1614,0.9555,False
Q5FWC3,Q60991,random,0.1213,0.8953,False
P0A8B2,P0AAJ3,random,0.1438,0.882,False
P23524,Q19826,random,0.1047,0.8007,False
Q07953,Q9IBD1,random,0.1369,0.7552,False
A2VCK2,Q9M1X5,random,0.1368,0.8535,False
P43694,Q3E784,random,0.0588,0.881,False
P35347,Q9JJR9,random,0.1148,0.7925,False
O82281,Q8K2H2,random,0.1577,0.9113,False
Q3UD01,Q62220,random,0.0893,0.1329,False
A6NHX0,Q9T0H9,random,0.1877,0.8696,False
Q08952,Q9SXP7,random,0.1655,0.8497,False
P0DPA2,Q5ND56,random,0.1406,0.8487,False
P54536,Q9CZG9,random,0.1528,0.7284,False
C0LLJ0,P54548,random,0.1389,0.8188,False
P06961,P96581,random,0.1635,0.8508,False
Q9FMA9,Q9SSR1,random,0.1894,0.8075,False
Q06349,Q8LBU2,random,0.1199,0.6268,False
O34368,O61788,random,0.1618,0.8161,False
O94905,P38356,random,0.1349,0.8952,False
P0DMN7,Q9UPQ4,random,0.1431,0.858,False
Q05031,Q9QXP0,random,0.1615,0.8999,False
Q8K459,Q9C029,random,0.047,0.6854,False
Q1PFI4,Q9LZF5,random,0.1675,0.8368,False
Q12153,Q9VHK6,random,0.0971,0.9033,False
O15315,P36163,random,0.165,0.9135,False
P35813,Q2M2D7,random,0.1503,0.8596,False
Q503Z8,Q9DB94,random,0.1408,0.8655,False
A6NNH2,Q91Z49,random,0.1503,0.8476,False
P47949,Q8LBI1,random,0.121,0.832,False
Q13491,Q8AW35,random,0.1218,0.9273,False
A2A9Q0,Q9SSK2,random,0.1527,0.8482,False
P0DKH1,Q9D0I6,random,0.0675,0.7611,False
P40403,P42580,random,0.1565,0.8511,False
P46548,Q8S8N1,random,0.0689,0.7529,False
Q5TGS1,Q9BIG4,random,0.1152,0.7056,False
P30085,Q86YG4,random,0.133,0.8716,False
Q8IZP7,Q9LK34,random,0.145,0.9021,False
O76014,P28845,random,0.1397,0.8207,False
F4JML5,G5EEV9,random,0.1532,0.8121,False
P0A7B3,P18935,random,0.1877,0.7899,False
Q9C6V4,Q9ZW03,random,0.1401,0.637,False
O31986,P06869,random,0.1564,0.8628,False
P76037,Q9D4C9,random,0.1381,0.8575,False
P96696,Q9LJG3,random,0.1446,0.8718,False
P0C2G5,P45376,random,0.1707,0.8105,False
P23527,Q9CQ54,random,0.1489,0.9251,False
P15378,Q39172,random,0.1582,0.7174,False
P75949,Q9HAW0,random,0.1604,0.8846,False
P01795,P0C1Z6,random,0.1418,0.7714,False
P49768,P75915,random,0.1199,0.9365,False
Q6NLB1,Q9C8Y3,random,0.1458,0.9305,False
P53561,Q96QA5,random,0.1518,0.4058,False
Q45594,Q9C8J4,random,0.1435,0.9117,False
G5EFS2,P24521,random,0.1746,0.8517,False
Q64016,Q9ZQA1,random,0.0619,0.6407,False
P0C7R1,Q05611,random,0.1728,0.9697,False
P02585,Q8R0X2,random,0.1061,0.7128,False
P0ABK5,Q9BWH2,random,0.1626,0.866,False
P40337,Q9FME2,random,0.1333,0.893,False
O32104,Q6PBN5,random,0.1135,0.8778,False
Q6NME7,Q9Y4P1,random,0.0891,0.8686,False
Q1PDT6,Q503V1,random,0.1371,0.8328,False
O34392,O88346,random,0.1642,0.7453,False
P43557,Q8MR45,random,0.112,0.9099,False
Q502H1,Q9SX52,random,0.1065,0.8672,False
Q9FHX5,Q9NZ43,random,0.1359,0.879,False
A6NN92,P39107,random,0.1212,0.9332,False
A6NI15,Q9V4C0,random,0.1052,0.8442,False
Q8CGR5,Q92643,random,0.1297,0.7584,False
O60239,Q3UR32,random,0.1332,0.9247,False
P51682,Q6ICC9,random,0.1405,0.7132,False
P34696,P97299,random,0.1284,0.821,False
P96718,Q9JJC9,random,0.1407,0.8093,False
O08717,Q9SRM9,random,0.1535,0.846,False
C9J1S8,P22574,random,0.1385,0.8961,False
P36001,Q9XGY4,random,0.0628,0.8281,False
P42407,Q9FLF4,random,0.1509,0.8528,False
P26196,Q9CWG9,random,0.0982,0.9008,False
Q1LWL2,Q6ZWI9,random,0.1328,0.8675,False
F4I4E1,P10403,random,0.0845,0.9085,False
P32395,Q9FIT1,random,0.1548,0.7663,False
F8WCM5,Q5EAF2,random,0.1345,0.7805,False
Q5XV67,Q96510,random,0.1429,0.9624,False
Q3E7Y6,Q3E9T2,random,0.0616,0.8972,False
Q4FZH1,Q8R035,random,0.1283,0.8814,False
O35153,Q9VYX7,random,0.1353,0.8103,False
P36872,Q46855,random,0.142,0.8817,False
O34769,P16523,random,0.1345,0.8906,False
Q9NQW5,Q9VR82,random,0.1636,0.9491,False
O81057,Q9SDS8,random,0.1187,0.8929,False
P68032,Q9CPX6,random,0.1883,0.7068,False
P55058,Q9QUK3,random,0.16,0.9156,False
Q12000,Q8S8M2,random,0.0899,0.7346,False
Q8JZS0,Q94AP0,random,0.112,0.8813,False
Q8NEQ5,Q9C7P1,random,0.1003,0.8925,False
Q95XG7,Q9LTJ6,random,0.1091,0.8301,False
Q07627,Q64478,random,0.1173,0.7132,False
P03964,Q9SF21,random,0.1423,0.8427,False
Q47706,Q8BGR8,random,0.0926,0.9129,False
A0A0C4DH59,F4HRC1,random,0.0752,0.7013,False
P24699,Q99622,random,0.1294,0.9222,False
O14817,Q9IBD1,random,0.1466,0.6828,False
Q9LNT9,Q9SRS9,random,0.1708,0.8933,False
Q3E798,Q6UWJ8,random,0.0838,0.8719,False
P0A8Y8,Q9HA72,random,0.1323,0.8116,False
A0A0A6YYK7,Q99436,random,0.1357,0.7272,False
A0A075B6S2,P54332,random,0.1688,0.7645,False
A6NHN6,P56557,random,0.0796,0.8521,False
Q8BVI5,Q9UIW0,random,0.1601,0.8508,False
P14306,P38865,random,0.1213,0.9279,False
Q08218,Q9SVC6,random,0.1377,0.9214,False
O75934,Q5U3V7,random,0.1358,0.8378,False
P29692,Q12265,random,0.1549,0.9563,False
P24013,P32452,random,0.0958,0.8717,False
P13634,Q9SPE5,random,0.1531,0.7081,False
P0CB48,Q9D9W0,random,0.1505,0.9507,False
P01762,Q8C6A8,random,0.1099,0.7348,False
O24598,Q9BQP9,random,0.1581,0.8731,False
Q9FF53,Q9H963,random,0.1122,0.5479,False
P01665,P07256,random,0.081,0.7034,False
Q13641,Q9LND9,random,0.1367,0.7499,False
O80488,P21560,random,0.1727,0.5897,False
Q9LNI5,Q9VLA1,random,0.0704,0.9281,False
P40581,Q5XIX8,random,0.1362,0.6822,False
P45568,Q96RP8,random,0.1364,0.845,False
Q9CWV7,Q9JIB4,random,0.1431,0.9451,False
Q9SKC9,Q9W1Y1,random,0.1429,0.9145,False
Q1JUZ1,Q9LVR5,random,0.1637,0.9178,False
P45955,Q9BZI1,random,0.1324,0.7953,False
A4IJ27,Q99L45,random,0.1293,0.9283,False
P45577,Q96286,random,0.1653,0.8908,False
P16451,Q64707,random,0.1339,0.875,False
O35011,Q03288,random,0.084,0.8981,False
P0CW19,Q9JIX9,random,0.0744,0.8955,False
Q8JZL3,Q9D0J8,random,0.1244,0.8,False
P06722,Q6NXT4,random,0.1305,0.9308,False
P46850,Q9FK16,random,0.049,0.8368,False
Q9D211,Q9LMX5,random,0.1121,0.9296,False
A4D2B0,P64534,random,0.1011,0.8269,False
P0C7Q5,Q9CX48,random,0.1124,0.7147,False
P01149,Q8L9Y2,random,0.1407,0.7309,False
Q5XG73,Q9LD28,random,0.0945,0.9284,False
Q08334,Q8R4T1,random,0.1231,0.8149,False
Q6SKR2,Q9BRU9,random,0.1744,0.8665,False
P84751,P91913,random,0.1513,0.7013,False
P0AD70,Q9ZVQ4,random,0.1481,0.848,False
Q06205,Q9CAR7,random,0.1578,0.8762,False
O22683,Q9M1W4,random,0.1467,0.8862,False
O50061,Q9ER71,random,0.1419,0.803,False
P37348,Q9NQ84,random,0.1419,0.9006,False
Q10660,Q5CZN0,random,0.1318,0.9067,False
P40154,Q3SX64,random,0.149,0.8371,False
A0A1I9LQ12,P59022,random,0.1217,0.7725,False
P97807,Q20701,random,0.1567,0.9012,False
P91167,Q2TAL6,random,0.0892,0.911,False
Q03557,Q9SJP9,random,0.169,0.8499,False
Q00916,Q0WMR0,random,0.15,0.8631,False
A3QK16,P53755,random,0.1269,0.9121,False
Q08930,Q91V04,random,0.1888,0.9398,False
O75436,Q9Z2Q6,random,0.1751,0.946,False
P07902,Q8VZ42,random,0.1447,0.886,False
P0DN25,Q15464,random,0.1389,0.8651,False
P18827,P43117,random,0.1615,0.841,False
O64749,Q4V920,random,0.1643,0.907,False
Q9R0L9,Q9VHT4,random,0.1374,0.8094,False
A8MQX3,P91277,random,0.063,0.8383,False
P36018,Q19832,random,0.1325,0.8322,False
Q568T4,Q99983,random,0.1176,0.8714,False
Q5TA77,Q96P09,random,0.0921,0.7638,False
P96707,Q9WVF8,random,0.1244,0.7897,False
P03872,Q9SV31,random,0.1574,0.863,False
P0C054,Q2EEQ8,random,0.1594,0.8193,False
P33021,Q94C27,random,0.1544,0.809,False
P34697,P49813,random,0.1253,0.8837,False
P04173,Q9D6I3,random,0.1096,0.9271,False
Q84X53,Q9SV68,random,0.1457,0.8174,False
P39013,Q9NV12,random,0.1289,0.877,False
P07026,P46852,random,0.1273,0.9036,False
P39902,Q93170,random,0.1127,0.896,False
P45570,Q8TE69,random,0.1789,0.77,False
P08637,Q6NWA8,random,0.1691,0.8362,False
Q20647,Q91VT8,random,0.1164,0.8264,False
P76142,Q02721,random,0.1652,0.8217,False
E9Q8Q8,P21614,random,0.1426,0.9333,False
O31752,Q8AWD1,random,0.1429,0.7774,False
Q99633,Q9FY69,random,0.2139,0.9494,False
Q6TGZ5,Q96LK8,random,0.1648,0.8577,False
Q07627,Q8W3M6,random,0.1,0.729,False
Q9SIH1,Q9VHB3,random,0.1357,0.8956,False
O08884,Q9M1V5,random,0.0702,0.2958,False
O32198,Q93038,random,0.1253,0.8081,False
P0CF40,P82930,random,0.1486,0.8385,False
P76773,Q8WW59,random,0.1462,0.7395,False
O22468,O32198,random,0.1512,0.7887,False
Q5HZK2,Q62447,random,0.1834,0.9233,False
Q4V922,Q7ZWJ3,random,0.1349,0.9545,False
F4JIJ7,P48756,random,0.1569,0.9191,False
O35002,P0ACL7,random,0.1423,0.8495,False
O43820,Q9FH50,random,0.1294,0.8104,False
Q13158,Q7JW27,random,0.1082,0.9271,False
A0A0C4DH69,Q08E93,random,0.1333,0.6598,False
A0A0C4DH31,P31412,random,0.0842,0.6695,False
P56693,Q9ZR02,random,0.0987,0.796,False
Q8R043,Q9NPB3,random,0.1091,0.8368,False
P0DJI9,P40420,random,0.0976,0.8284,False
O02101,O17842,random,0.1302,0.9172,False
O54743,P56557,random,0.1047,0.8242,False
P0A8R7,Q658K8,random,0.136,0.9153,False
P54274,Q9T0D7,random,0.1131,0.9262,False
P06965,P41442,random,0.1241,0.8278,False
Q3UUV5,Q71RH2,random,0.1405,0.882,False
P38689,Q96A35,random,0.1538,0.8875,False
O01824,P24192,random,0.1679,0.8905,False
P41936,Q16864,random,0.0867,0.8867,False
O17071,Q9Y603,random,0.154,0.8873,False
Q6P6J0,Q9STM6,random,0.1155,0.844,False
F4JMI5,Q7Z5A7,random,0.0709,0.9318,False
Q8IY26,Q9QXT1,random,0.13,0.8686,False
C0HKC8,O32146,random,0.1033,0.8631,False
O35618,Q9M8X4,random,0.1263,0.894,False
Q84W66,Q9UK22,random,0.1495,0.9041,False
P0CW82,Q9FPS0,random,0.0808,0.6735,False
O34861,Q8CE93,random,0.1487,0.9006,False
Q8RWH8,Q9UPQ4,random,0.1512,0.2723,False
O80803,P63121,random,0.1354,0.8798,False
P53729,Q13670,random,0.1344,0.9048,False
M9PF61,P0AG00,random,0.1693,0.8006,False
P41849,Q08857,random,0.1655,0.9106,False
Q9M1K3,Q9SNY3,random,0.1545,0.7913,False
P32969,Q96273,random,0.0923,0.8702,False
Q7M723,Q94L32,random,0.1588,0.847,False
Q15545,Q19905,random,0.137,0.8994,False
P41958,Q9H4I9,random,0.1107,0.9249,False
Q8VI88,Q9Z126,random,0.0884,0.7968,False
P0DJG4,Q3TLP5,random,0.1419,0.7627,False
O01634,Q19366,random,0.1673,0.9254,False
Q80ZI1,Q9SL94,random,0.1621,0.8088,False
A1KXC4,Q3UYI6,random,0.1902,0.9272,False
Q9C7I3,Q9FZ76,random,0.1583,0.9014,False
Q12226,Q66K66,random,0.1374,0.8314,False
F4J8R4,Q9FHH5,random,0.0995,0.9379,False
Q09304,Q9CX11,random,0.1691,0.9309,False
Q1EC69,Q9LI65,random,0.1528,0.7078,False
O34838,Q8IWP9,random,0.1131,0.8843,False
Q4V922,Q9NPJ3,random,0.1133,0.8006,False
O32268,Q0WRC9,random,0.1295,0.7414,False
Q92743,Q9LTF2,random,0.1111,0.8676,False
O75012,Q9BYP9,random,0.1346,0.6291,False
P41971,Q86UY6,random,0.1436,0.8907,False
Q9SI18,Q9V427,random,0.1401,0.911,False
O74700,Q9JHT5,random,0.093,0.8382,False
Q9C540,Q9SEZ9,random,0.1293,0.8664,False
Q9D1N9,Q9LII0,random,0.1462,0.8301,False
P56790,Q9SSR8,random,0.0613,0.7072,False
O15400,Q9S7R4,random,0.1382,0.7954,False
P07743,P97443,random,0.1185,0.8572,False
O43924,Q9FKF7,random,0.1256,0.9761,False
O34870,P00966,random,0.138,0.8197,False
P42791,Q9D5H4,random,0.1446,0.8906,False
Q16548,Q67XC4,random,0.1386,0.8475,False
Q94KK7,Q9DEX7,random,0.1275,0.8648,False
P41158,Q9V784,random,0.1481,0.8512,False
O45291,Q99LG1,random,0.1429,0.9259,False
O80775,Q9XHV0,random,0.15,0.8553,False
P41160,Q94A79,random,0.0993,0.946,False
P25807,P31995,random,0.1566,0.7978,False
P21952,Q9BXS6,random,0.1479,0.8614,False
Q8NE22,Q96QU4,random,0.1545,0.8959,False
A8MQA4,P13483,random,0.0984,0.8625,False
P69411,Q9LJB4,random,0.0891,0.831,False
P16700,Q9MA17,random,0.1671,0.8288,False
P35537,Q8N9X5,random,0.1336,0.6966,False
P46570,Q02950,random,0.1479,0.9237,False
Q9D753,Q9LK48,random,0.1417,0.9129,False
G5EDE5,Q52QU1,random,0.1311,0.9268,False
O05511,Q9SMP2,random,0.0603,0.7924,False
Q06134,Q9SSM7,random,0.1292,0.8894,False
O81914,Q14728,random,0.1489,0.7422,False
Q9DCF1,Q9FZF1,random,0.1755,0.8819,False
O14977,P0C7Q1,random,0.1314,0.8471,False
P97953,Q944P0,random,0.1565,0.8963,False
Q5FWF7,Q9HBM1,random,0.1466,0.9219,False
O35710,Q9V8M5,random,0.1556,0.8115,False
P10284,P40060,random,0.0945,0.8441,False
P0DM41,Q8W035,random,0.1696,0.7381,False
P0A772,P0ACK5,random,0.1333,0.9042,False
P54482,Q9ZSR7,random,0.213,0.7878,False
P78426,Q8AWD1,random,0.1087,0.9007,False
P0A6B7,Q9C7M1,random,0.1591,0.7431,False
P0A7R1,Q6ZS82,random,0.166,0.8047,False
O34814,Q9SVU0,random,0.1419,0.812,False
Q9D4V6,Q9XWE9,random,0.1105,0.9053,False
C9JJ37,Q8BYG0,random,0.1829,0.8878,False
A6NCE7,P77434,random,0.0971,0.8219,False
Q5VZB9,Q9CPX5,random,0.1415,0.9399,False
O13525,O31754,random,0.1678,0.8658,False
P14905,Q9H0I3,random,0.1499,0.9153,False
F1QPR4,P38264,random,0.1301,0.9366,False
Q8CFR0,Q9LVA9,random,0.1471,0.8636,False
P24469,P41271,random,0.1685,0.8477,False
O96033,Q93VK8,random,0.2043,0.8207,False
Q91VM5,Q9FNZ2,random,0.1953,0.72,False
E5RG02,P48023,random,0.1559,0.8998,False
Q96CB8,Q9LIR9,random,0.1492,0.749,False
Q9C691,Q9C6B9,random,0.1069,0.9131,False
P0AE39,Q9D0M2,random,0.1432,0.7601,False
Q8H0Z4,Q9LVG2,random,0.1554,0.9042,False
P76111,P81102,random,0.1643,0.7874,False
O15130,Q9W256,random,0.1491,0.8886,False
O43704,Q19951,random,0.1384,0.7831,False
Q7KN79,Q94ID6,random,0.0872,0.8932,False
P47879,Q42569,random,0.1366,0.8649,False
P27859,Q96HM7,random,0.152,0.8036,False
O07535,O95992,random,0.1345,0.7832,False
Q3UKZ7,Q9CY94,random,0.1376,0.9616,False
Q8GWG2,Q9SJ09,random,0.1347,0.9112,False
F4IYZ0,Q95ZW1,random,0.133,0.7666,False
A4QNX6,P39787,random,0.1522,0.8888,False
P39138,Q9SIV9,random,0.1577,0.8547,False
P22935,Q9XXL3,random,0.1862,0.8838,False
Q86YB8,Q9H3K6,random,0.0578,0.6486,False
O23140,Q9VLU0,random,0.0639,0.9322,False
P0A7E9,P41159,random,0.1347,0.8403,False
P15289,P36952,random,0.1469,0.7538,False
Q08268,Q9DAK8,random,0.1113,0.7856,False
A8K830,Q14CN4,random,0.1381,0.9144,False
Q8BV66,Q9SVI0,random,0.1181,0.8988,False
Q4VBI7,Q9FZI7,random,0.1195,0.9061,False
P00811,Q9FFS9,random,0.1784,0.7357,False
Q47150,Q9SI60,random,0.1391,0.772,False
Q04712,Q7DFV3,random,0.0769,0.7553,False
Q9D4B1,Q9NVF7,random,0.1578,0.8681,False
O06480,Q19541,random,0.1715,0.78,False
O88809,Q9JIM5,random,0.1398,0.9315,False
Q99489,Q9VLA1,random,0.1726,0.8985,False
P02920,Q9M8L2,random,0.1544,0.8403,False
C9JJ37,O95994,random,0.1327,0.8004,False
P56857,Q3E965,random,0.1364,0.9011,False
P49077,Q9VCY3,random,0.1711,0.9225,False
P0A7B5,Q3U129,random,0.1622,0.9074,False
Q9H9J2,Q9Y5W5,random,0.1788,0.9366,False
O82533,Q9SB00,random,0.1808,0.9212,False
A0A087WW87,P42924,random,0.1148,0.6806,False
P34476,Q8C0T0,random,0.0848,0.8931,False
P0DO23,Q8W571,random,0.165,0.948,False
Q9JJT9,Q9ZPV8,random,0.1269,0.816,False
O32100,Q9SU44,random,0.0913,0.8857,False
Q9UPY6,Q9XGX9,random,0.0578,0.8769,False
O17204,P40344,random,0.1608,0.9639,False
P42866,Q8K1T0,random,0.1768,0.8308,False
P28618,Q6ZS10,random,0.1349,0.7901,False
Q3TYX3,Q6UWE3,random,0.0811,0.9113,False
Q9BQ66,Q9VYA8,random,0.0952,0.3954,False
P18411,P25666,random,0.1394,0.9348,False
Q8BK58,Q9UIA0,random,0.1552,0.9376,False
Q04067,Q8JZX3,random,0.1256,0.8127,False
P24526,Q9CQR5,random,0.1639,0.8463,False
P96718,Q5RL79,random,0.0977,0.8109,False
Q8GZ84,Q9Y679,random,0.1289,0.9229,False
P55083,Q9BV90,random,0.1069,0.9304,False
O82597,Q24572,random,0.1363,0.7667,False
P25359,Q80ZF2,random,0.1179,0.9276,False
Q8R0J7,Q9FNK0,random,0.1601,0.7838,False
Q91WV0,Q9ASW3,random,0.0922,0.9461,False
O34714,Q9FV02,random,0.1582,0.9061,False
Q15768,Q9H209,random,0.13,0.5649,False
P30204,Q9C9K4,random,0.1928,0.8887,False
Q12442,Q8CHQ0,random,0.1627,0.8824,False
O23429,Q9CR20,random,0.1081,0.8897,False
O17606,P24457,random,0.1594,0.8142,False
Q8BS95,Q8GY03,random,0.1537,0.8483,False
P00937,Q06235,random,0.0785,0.7824,False
O75610,Q9C9A9,random,0.1678,0.8587,False
Q941D1,Q9BQ24,random,0.1333,0.9339,False
P76052,Q9D6P8,random,0.1056,0.7357,False
P06616,P11912,random,0.1614,0.7414,False
O35565,Q8S8T4,random,0.1126,0.8765,False
O23063,Q16890,random,0.1491,0.9135,False
Q67ZM7,Q9M115,random,0.1426,0.8844,False
C0HKA2,P28229,random,0.1244,0.6349,False
P0ABL1,Q9LTS6,random,0.1937,0.8433,False
Q08170,Q8N183,random,0.083,0.737,False
O45365,Q4PNJ2,random,0.1178,0.9327,False
P49441,Q8NA56,random,0.185,0.9276,False
O80765,Q8BPA8,random,0.125,0.9228,False
Q9D338,Q9H3H5,random,0.1513,0.8211,False
Q15084,Q9LG23,random,0.1846,0.8958,False
P0A9M2,Q32MW3,random,0.1276,0.7743,False
Q9H161,Q9H5Z6,random,0.1835,0.9442,False
P03987,Q8WYR4,random,0.1372,0.8431,False
Q6NQK9,Q9LVW3,random,0.1499,0.9072,False
P50458,Q95XD3,random,0.0936,0.9031,False
Q9UJN7,Q9ZUB8,random,0.1462,0.7993,False
P21854,P32447,random,0.1459,0.789,False
P32242,Q99L04,random,0.1823,0.7729,False
P37639,Q9Y235,random,0.1628,0.8869,False
O32147,Q06707,random,0.1088,0.8707,False
Q7TPQ9,Q8L5V0,random,0.0725,0.8807,False
O14793,Q9LY41,random,0.1411,0.8993,False
P49366,Q8R123,random,0.1492,0.9154,False
P00937,P32178,random,0.1179,0.8519,False
P05113,Q99766,random,0.1386,0.9457,False
Q8L910,Q96PS1,random,0.195,0.6813,False
P0DJD8,Q06688,random,0.1385,0.7773,False
P46560,Q00288,random,0.1582,0.8964,False
Q17R31,Q84TF4,random,0.1341,0.8846,False
P77757,Q9W2N0,random,0.1545,0.7653,False
P0DMQ5,Q9NPG2,random,0.1436,0.908,False
P43589,Q9XVS8,random,0.1673,0.9594,False
P77689,Q5TDP6,random,0.1591,0.8216,False
Q8K3J9,Q9U6B8,random,0.1596,0.9571,False
P03977,Q9M8R7,random,0.0732,0.7674,False
Q96511,Q9FXC7,random,0.1652,0.9415,False
P08833,P49596,random,0.1444,0.8418,False
P39107,Q8NEA4,random,0.1165,0.9115,False
O81014,Q94901,random,0.1731,0.7872,False
A0A2Z4LIS9,P48598,random,0.1812,0.8831,False
O43325,P42644,random,0.1303,0.9518,False
P39525,Q9XTI0,random,0.1794,0.8496,False
P38736,Q3UBZ5,random,0.1843,0.9014,False
Q0WNN7,Q922Q4,random,0.1381,0.8579,False
P24867,Q96Q45,random,0.1483,0.9412,False
Q80YQ8,Q9VL31,random,0.1385,0.9482,False
O14977,Q9FMZ4,random,0.1451,0.8638,False
Q12293,Q6P4F1,random,0.1404,0.8742,False
P92959,Q6DHS9,random,0.1415,0.7526,False
P28654,Q5TA77,random,0.0904,0.7276,False
P0A9K3,Q96IZ0,random,0.1751,0.903,False
P06336,P41225,random,0.145,0.7529,False
P81760,Q8JIR0,random,0.119,0.9122,False
Q09369,Q9M9S2,random,0.149,0.9132,False
O88843,Q9Y320,random,0.1489,0.9419,False
Q99N85,Q9Y471,random,0.1255,0.9366,False
O17706,Q700E4,random,0.154,0.9461,False
O15198,P09326,random,0.1606,0.838,False
Q12226,Q9D1G5,random,0.1345,0.8314,False
P23179,Q8VY49,random,0.1432,0.9218,False
Q9VKX7,Q9VWA8,random,0.1097,0.8467,False
Q8LGD5,U4PLN7,random,0.1356,0.9508,False
Q795U4,Q84JZ6,random,0.1679,0.8144,False
G5EC63,O34861,random,0.1371,0.8844,False
Q8BPK2,Q8N143,random,0.184,0.8984,False
Q7T312,Q9Y274,random,0.1532,0.9453,False
Q3TLS3,Q9CVI2,random,0.1072,0.8201,False
Q08457,Q9M2K6,random,0.1515,0.9403,False
P92947,Q49GP5,random,0.1697,0.892,False
Q9LVA1,Q9SRM9,random,0.1486,0.9083,False
P42795,P56772,random,0.1422,0.8802,False
P46570,Q08431,random,0.1608,0.7544,False
P03872,Q06330,random,0.1516,0.9584,False
P53203,Q8CHX7,random,0.1734,0.9605,False
Q502C1,Q94F40,random,0.1515,0.8515,False
P42182,Q7WY75,random,0.0698,0.727,False
Q5TA77,Q9D6J5,random,0.1237,0.779,False
Q9QY93,Q9S4X2,random,0.1572,0.8675,False
A3KP74,Q8NEA4,random,0.1744,0.9332,False
P54368,P76103,random,0.1349,0.8417,False
O43927,Q9SI18,random,0.0839,0.8858,False
P20483,Q9LF14,random,0.1044,0.8651,False
O49645,P41896,random,0.0975,0.8628,False
O31519,P45870,random,0.127,0.7277,False
Q8GYY0,Q9C9M9,random,0.1395,0.8469,False
Q8BVC1,Q9DCL8,random,0.1402,0.8295,False
Q16048,Q3TLS3,random,0.0803,0.8939,False
Q147U7,Q9LD28,random,0.1636,0.9576,False
Q02427,Q20263,random,0.1558,0.8077,False
P24197,Q6DHS9,random,0.1538,0.7519,False
Q9CYX7,Q9LXU0,random,0.089,0.9067,False
P0CG47,Q8R173,random,0.1191,0.1493,False
P50608,Q09637,random,0.1523,0.8536,False
P56693,Q9LHN6,random,0.1649,0.837,False
Q03250,Q7TN05,random,0.1337,0.5719,False
Q0WPX7,Q9H095,random,0.1738,0.9673,False
Q93703,Q9BYD6,random,0.1556,0.9146,False
Q19351,Q9R112,random,0.1402,0.8266,False
P38726,Q8CHY7,random,0.082,0.8736,False
P55082,Q3TYR5,random,0.1563,0.971,False
O43820,Q8NEA4,random,0.1146,0.8265,False
P06879,Q06466,random,0.1392,0.939,False
Q6UW49,Q8CII9,random,0.1717,0.8809,False
P31109,Q9C7X8,random,0.0689,0.7348,False
Q1LY10,Q9VDD1,random,0.1417,0.9053,False
O88809,Q9WUC3,random,0.1138,0.8794,False
C9JUS6,P21656,random,0.1061,0.6479,False
P56880,Q60773,random,0.1404,0.8041,False
P10854,Q8BKT6,random,0.1006,0.8666,False
Q5VWM6,Q9VHI7,random,0.1443,0.8589,False
Q19584,Q9LKA1,random,0.152,0.9551,False
P03962,P19366,random,0.1465,0.9371,False
O43716,P54730,random,0.1151,0.9028,False
P32344,Q96MH2,random,0.1049,0.8933,False
Q64685,Q7SYK1,random,0.1548,0.926,False
P37515,P40447,random,0.149,0.8558,False
Q7WY75,Q9SNB6,random,0.0506,0.8763,False
P32082,Q9D975,random,0.1153,0.8434,False
O34816,P0DJG4,random,0.1028,0.7443,False
Q84W66,Q9Y2C4,random,0.1693,0.9154,False
O95861,Q9SNY3,random,0.1684,0.8451,False
Q9EQN3,W5XKT8,random,0.1651,0.9036,False
Q9D5H4,Q9SRD8,random,0.144,0.8892,False
Q9FL48,Q9LF22,random,0.1309,0.8631,False
O80927,Q12402,random,0.1516,0.9121,False
P50864,Q12000,random,0.1267,0.8123,False
O17699,P63241,random,0.1278,0.8898,False
P70331,Q5W064,random,0.1654,0.6133,False
P0ADP7,Q9JIP4,random,0.1227,0.9418,False
P38991,Q06520,random,0.1279,0.8386,False
P06467,Q8N682,random,0.1387,0.9551,False
P02394,Q00288,random,0.07,0.8533,False
Q05159,Q96F85,random,0.101,0.8971,False
P0AB58,Q8RW90,random,0.1641,0.8897,False
P54499,Q9FK53,random,0.132,0.8268,False
G5EDE5,Q93169,random,0.1595,0.9212,False
Q08957,Q8C1Q4,random,0.1402,0.8777,False
O96020,Q5VZ03,random,0.1057,0.9219,False
Q6JVL5,Q9LRQ7,random,0.1239,0.8353,False
O81045,Q46803,random,0.1421,0.9021,False
P04951,P36363,random,0.1496,0.7019,False
P17509,Q91WS0,random,0.1266,0.8859,False
A0A8I5KY20,Q9NFT7,random,0.1227,0.8216,False
Q84JQ8,Q9FXI7,random,0.107,0.8822,False
Q8GY03,Q9FZ35,random,0.1501,0.7667,False
P37630,Q99LM3,random,0.1509,0.8568,False
Q12468,Q12509,random,0.1597,0.929,False
P76011,Q5SQP1,random,0.0909,0.6722,False
Q5G864,Q9SKP6,random,0.0952,0.796,False
O81037,Q17459,random,0.1296,0.7888,False
P76226,Q8GXF0,random,0.1328,0.8322,False
O00602,Q3V0J1,random,0.1651,0.9342,False
P14416,P38727,random,0.1233,0.8843,False
P42624,Q8IUB3,random,0.1245,0.8302,False
P23451,P24469,random,0.0965,0.8703,False
P79746,Q99LM3,random,0.1548,0.889,False
Q21181,Q9BQ66,random,0.1269,0.4778,False
P82658,Q9SIH1,random,0.1435,0.9584,False
P91427,P94498,random,0.1388,0.8239,False
Q8QZS5,Q9STW3,random,0.185,0.9391,False
P23877,Q9SHJ0,random,0.1633,0.7834,False
Q8C1S0,Q9CQT1,random,0.1486,0.8968,False
O70556,Q9H7V2,random,0.0736,0.6455,False
O32142,Q06541,random,0.1207,0.8931,False
Q9D300,Q9SCY2,random,0.1137,0.8976,False
P39619,Q8L8Y3,random,0.127,0.7099,False
P0AAA3,Q70KL3,random,0.0872,0.8766,False
O80982,P97769,random,0.1534,0.9315,False
P42624,Q8BPP1,random,0.1444,0.8645,False
P54607,Q39265,random,0.1732,0.8096,False
Q84WP6,Q9JIB0,random,0.1421,0.8814,False
O31665,P27352,random,0.1716,0.8224,False
P39787,Q6ZP29,random,0.151,0.8177,False
Q8NEQ6,Q9SF35,random,0.1824,0.8425,False
O31963,Q8IWP9,random,0.1429,0.889,False
Q96E22,Q9Y3D5,random,0.1347,0.9527,False
P97473,Q20257,random,0.1611,0.9145,False
O34437,Q8BHE0,random,0.1568,0.7373,False
Q43349,Q9UGI9,random,0.1409,0.658,False
P02381,Q39091,random,0.1266,0.7286,False
P0AG11,Q9JMG7,random,0.1561,0.7135,False
P18509,P47040,random,0.0935,0.88,False
A0A0B4J245,P0DP92,random,0.112,0.6916,False
P20290,Q9AST8,random,0.1116,0.9267,False
P0CG13,Q9JJ80,random,0.1144,0.9641,False
P40070,Q5M8N4,random,0.1258,0.6593,False
O07535,P77434,random,0.1262,0.8438,False
Q6QA32,Q95029,random,0.1328,0.8418,False
Q04406,Q9NWH7,random,0.1127,0.9357,False
O35536,Q86Y39,random,0.1452,0.832,False
Q8VBV8,Q9SKC9,random,0.1244,0.9227,False
P24387,Q9D2X0,random,0.1652,0.8603,False
Q38HM4,Q9S7F3,random,0.1524,0.8933,False
O60496,Q9JIZ0,random,0.1415,0.8605,False
P49768,Q9LXR0,random,0.1629,0.8467,False
O95620,P20863,random,0.1571,0.7804,False
A0A075B734,P06968,random,0.1207,0.8407,False
Q80V53,Q9BYG7,random,0.154,0.8572,False
P09455,Q8VZP1,random,0.1382,0.8924,False
P33309,P70999,random,0.18,0.8738,False
P49962,Q05791,random,0.0859,0.9596,False
Q8R1Q9,Q96EY4,random,0.1463,0.2574,False
Q64221,Q9Y3V2,random,0.1393,0.9082,False
Q91XW8,Q9D4V6,random,0.1355,0.9266,False
P34429,Q9VHB3,random,0.148,0.8831,False
Q5M956,Q9CAS1,random,0.1705,0.9202,False
Q6NYU6,Q9LSH2,random,0.1599,0.7948,False
Q95T19,Q99N23,random,0.1711,0.7887,False
P61927,Q06266,random,0.0716,0.9039,False
Q06828,Q9FKW2,random,0.1962,0.8597,False
P0CE92,P69816,random,0.1694,0.9234,False
P37837,P76221,random,0.1378,0.8707,False
Q08522,Q9XF91,random,0.1353,0.8273,False
P29384,Q99KK2,random,0.1309,0.8772,False
C0SPB2,Q9QXK2,random,0.1467,0.6604,False
Q6SJQ7,Q9Z0N2,random,0.1534,0.7754,False
P47949,Q96F25,random,0.1651,0.8089,False
P20631,P26998,random,0.1456,0.8436,False
Q6E244,Q9JLK3,random,0.1659,0.8285,False
Q8BGR8,Q93Z96,random,0.1617,0.9211,False
O18141,Q18493,random,0.1654,0.9316,False
O35714,Q8VIK3,random,0.1564,0.8334,False
Q94L32,Q9M0R7,random,0.0907,0.9296,False
P07498,P94398,random,0.1377,0.8628,False
O35526,P0CB48,random,0.1362,0.8348,False
Q9FWS3,Q9V3B4,random,0.1144,0.8052,False
P10828,Q8N5J4,random,0.1475,0.958,False
P0AEM9,Q9D020,random,0.1948,0.7585,False
P96587,Q498W5,random,0.1553,0.8626,False
O35714,Q3SX64,random,0.1667,0.8717,False
Q3TQB2,Q9Y3I0,random,0.1781,0.8982,False
Q803D2,Q945S5,random,0.1673,0.7715,False
P42207,Q9VLP9,random,0.1785,0.9109,False
A8WHP9,Q9LIR9,random,0.1264,0.7742,False
B1ANY3,Q7Z3B4,random,0.1457,0.8054,False
Q1A3B0,Q9M0C2,random,0.0911,0.8279,False
A5WUX7,Q96H78,random,0.121,0.82,False
Q7KTH8,Q9SZL4,random,0.1481,0.8909,False
Q8N123,Q9LSM9,random,0.1396,0.8583,False
Q9H098,Q9M2U3,random,0.0788,0.8513,False
B1AUS7,Q96PC2,random,0.0634,0.8552,False
Q9D4J7,Q9FIC9,random,0.1371,0.8346,False
P61580,Q6PFM0,random,0.0744,0.8409,False
O80803,Q58G33,random,0.1486,0.8897,False
O75638,O75792,random,0.1401,0.7887,False
P09169,Q8WWX0,random,0.1768,0.8093,False
A6H8Z2,Q9D7M1,random,0.1638,0.9256,False
Q5T9Z0,Q94F58,random,0.1354,0.9427,False
Q78PG9,Q93246,random,0.1402,0.8912,False
P01303,Q09528,random,0.0734,0.9394,False
O32277,Q96DA6,random,0.131,0.8814,False
Q9JLZ8,Q9ZUI8,random,0.1527,0.7996,False
Q09476,Q9Y584,random,0.1202,0.8679,False
P06748,Q921R7,random,0.131,0.8618,False
P01802,Q6NLS8,random,0.1448,0.7207,False
A6NI15,Q9LNH5,random,0.1165,0.793,False
O70273,Q9M2P8,random,0.1089,0.9513,False
O14836,Q9WUA1,random,0.1779,0.9231,False
P17918,P46548,random,0.1537,0.8932,False
Q6VVW9,Q9CPU3,random,0.1058,0.7995,False
Q96GU1,Q9Y3T6,random,0.1045,0.8981,False
Q93249,Q9BTA0,random,0.086,0.9039,False
P15425,P60981,random,0.1694,0.9746,False
P20081,Q7Z699,random,0.0919,0.7409,False
P0AG44,P14576,random,0.0848,0.8725,False
A5Z2X3,Q5U3H3,random,0.1706,0.9555,False
P15367,P94364,random,0.113,0.8855,False
A0A1W2PQ73,P54952,random,0.141,0.6532,False
Q3TBN1,Q9LHQ0,random,0.1703,0.8732,False
P80643,Q46832,random,0.1,0.7492,False
Q700E4,Q9CRB0,random,0.1421,0.936,False
Q7T292,Q8VC88,random,0.1601,0.8289,False
Q49AR2,Q9SAI2,random,0.1597,0.7833,False
O61235,P60782,random,0.1195,0.7896,False
O80603,Q66LE6,random,0.173,0.8842,False
O45168,Q09217,random,0.1417,0.9129,False
P13861,P49018,random,0.1703,0.8697,False
Q14088,Q6TAW2,random,0.0802,0.8758,False
P43592,Q6AZD1,random,0.1445,0.9178,False
A0A5B6,P12385,random,0.0801,0.7474,False
P27202,Q53FP2,random,0.1667,0.9267,False
O88851,Q9GZV9,random,0.1429,0.919,False
O32074,Q8VE91,random,0.1062,0.8611,False
P42596,Q9V5Z7,random,0.1368,0.7717,False
Q9FZD5,Q9H5Z6,random,0.165,0.8376,False
P25043,Q9SN52,random,0.1565,0.9423,False
A0MFH4,O80573,random,0.1399,0.9417,False
Q93083,Q9SKP6,random,0.0603,0.7269,False
Q9HCU5,Q9VHI4,random,0.0667,0.8744,False
P00860,Q12096,random,0.1704,0.8497,False
O64668,Q7ZUG5,random,0.0485,0.888,False
P31061,Q9WTN0,random,0.1303,0.789,False
P17563,Q18079,random,0.1263,0.9122,False
P33622,Q7TT52,random,0.1572,0.9267,False
Q922Z1,Q9XI31,random,0.135,0.8905,False
P0A9X4,P42771,random,0.1331,0.8033,False
P43594,Q07998,random,0.1017,0.9429,False
Q9LVM3,Q9LXQ6,random,0.1452,0.8307,False
P00937,Q9SHJ0,random,0.1609,0.889,False
P37001,Q93Z51,random,0.1613,0.836,False
Q8LF05,Q9C975,random,0.1735,0.9314,False
O75829,Q0WLR1,random,0.1452,0.9169,False
Q05AK9,Q9Y5M8,random,0.0701,0.8719,False
B0FP48,Q9BYQ9,random,0.1511,0.5868,False
O70514,Q8N183,random,0.1575,0.9405,False
O34591,Q64368,random,0.1722,0.8334,False
P01797,P42418,random,0.1168,0.7271,False
A0A8M9Q308,Q7XA67,random,0.1211,0.8581,False
Q5H9L4,Q9JI13,random,0.1685,0.9578,False
P46604,Q20781,random,0.1736,0.8725,False
P0AB40,Q02554,random,0.0711,0.849,False
P94390,Q9W429,random,0.1489,0.8051,False
O07552,Q8GWA7,random,0.1197,0.8728,False
Q8BHK1,Q9ZWB8,random,0.1101,0.7695,False
Q18779,Q8K2Y9,random,0.1511,0.7768,False
Q8IYD9,Q9NWH2,random,0.1126,0.9329,False
O43716,Q969V4,random,0.1002,0.9551,False
O82255,P0CX80,random,0.1359,0.7631,False
O95503,Q9SVA1,random,0.1513,0.8798,False
P13716,Q9Y2U9,random,0.149,0.8926,False
F4IC29,Q9LVZ8,random,0.1378,0.8586,False
P06327,Q8R1F9,random,0.0882,0.6658,False
P0AG99,Q9SN78,random,0.0988,0.7676,False
P82639,Q8T3L6,random,0.1003,0.8798,False
P97400,Q9U3L0,random,0.0833,0.8336,False
P75990,Q39138,random,0.0868,0.8256,False
P59646,Q6UXP3,random,0.1705,0.9087,False
Q96L94,Q9C9W5,random,0.1244,0.8663,False
Q12266,Q9FGK0,random,0.0955,0.9039,False
P43636,P93311,random,0.1426,0.8481,False
O22468,Q80X60,random,0.1609,0.7895,False
P53850,Q9BYE3,random,0.0599,0.7426,False
Q8I0G4,Q9JMK0,random,0.1729,0.9475,False
P25719,Q9BWH2,random,0.16,0.9443,False
Q3EAY9,Q9NS61,random,0.1218,0.8846,False
P24071,Q8L7R5,random,0.1512,0.8599,False
P22680,P39349,random,0.0673,0.8323,False
Q9BQQ3,Q9LY28,random,0.1804,0.8019,False
P0ADI4,Q8L9S3,random,0.1368,0.9079,False
P80880,Q9BRG1,random,0.1385,0.7017,False
P0ABK5,P33166,random,0.1827,0.8913,False
P23453,Q925E8,random,0.0783,0.8231,False
Q80U57,Q9SKC9,random,0.1042,0.9206,False
P30138,Q5CZN0,random,0.1923,0.7002,False
Q9SU44,Q9UIG5,random,0.0953,0.8928,False
Q9LRP2,Q9XU84,random,0.175,0.8584,False
P28635,Q8IVP5,random,0.1367,0.7228,False
P46571,Q96FN9,random,0.1064,0.9217,False
Q13765,Q92604,random,0.1478,0.8693,False
P45751,Q5BPZ5,random,0.0941,0.846,False
P21237,P69228,random,0.1831,0.7819,False
P22814,Q39084,random,0.0804,0.9132,False
P01887,Q16621,random,0.0831,0.7732,False
Q06489,Q8LCG7,random,0.1106,0.9162,False
O34726,P39773,random,0.1604,0.8409,False
O49484,P42791,random,0.1354,0.8313,False
P19381,Q9CZU4,random,0.1273,0.8488,False
O45551,Q9Y3T6,random,0.1386,0.8832,False
Q19165,Q8L7N4,random,0.1134,0.7089,False
O82254,P54815,random,0.0994,0.865,False
Q8LGG0,Q8N6I4,random,0.0971,0.7044,False
P09225,Q9NVV0,random,0.1356,0.854,False
P18777,Q09242,random,0.1254,0.8804,False
B1AWI6,Q70Z44,random,0.1053,0.9395,False
P31725,Q8CEG5,random,0.1393,0.8844,False
Q16559,Q9UI09,random,0.1284,0.8564,False
O62518,P71242,random,0.1568,0.9061,False
A2BIJ3,Q91V81,random,0.1892,0.8921,False
Q058P6,Q15777,random,0.1552,0.8755,False
Q6NWE1,Q6NYA0,random,0.1089,0.7551,False
O95992,Q8CF25,random,0.1646,0.8572,False
Q08522,Q9SV01,random,0.0793,0.8691,False
Q9FYL3,Q9XII1,random,0.1468,0.9298,False
Q3UR32,Q9C6V4,random,0.1429,0.8068,False
P32082,Q9CQT1,random,0.1503,0.8268,False
P01748,Q7L2K0,random,0.0855,0.76,False
Q8R1T1,Q9LJR2,random,0.1351,0.875,False
P48539,Q8JHF0,random,0.0965,0.8561,False
Q5U3P0,Q9D5H4,random,0.1548,0.9263,False
Q9CWY4,Q9UIB8,random,0.098,0.8181,False
P97858,Q6PE25,random,0.1703,0.8114,False
O23252,Q93W66,random,0.1308,0.9377,False
P34528,Q9C9A2,random,0.1537,0.7841,False
P40042,Q8CIA5,random,0.1148,0.8011,False
P20081,Q9W256,random,0.1538,0.7305,False
Q9BIB4,Q9LSN7,random,0.1174,0.9084,False
P56880,Q16621,random,0.1195,0.8337,False
P48570,Q96KD3,random,0.151,0.8096,False
O34344,Q20647,random,0.1722,0.8701,False
P0C7L0,Q7TNV0,random,0.1481,0.8851,False
O76021,Q9M2Q6,random,0.1509,0.9207,False
P21246,Q00888,random,0.1064,0.8249,False
Q09470,Q93WU9,random,0.1152,0.8966,False
Q8BXA6,Q8R1Z9,random,0.177,0.271,False
O75674,P91127,random,0.1046,0.8865,False
P05017,P57738,random,0.1801,0.9509,False
P03985,Q01892,random,0.1304,0.8345,False
P0C7A0,Q9NYZ2,random,0.1065,0.7583,False
Q59E04,Q9FKW8,random,0.1159,0.8794,False
A8E7N9,P01674,random,0.0801,0.8213,False
O60909,Q96KP4,random,0.165,0.8256,False
P0AEM9,Q8IQ13,random,0.1316,0.7037,False
O14931,O31704,random,0.1517,0.7931,False
Q6NWZ9,Q6S591,random,0.1216,0.8762,False
P0A6R0,P0C2L3,random,0.116,0.7052,False
O08969,P42772,random,0.1615,0.8155,False
O07592,Q0WNN7,random,0.1201,0.8164,False
A1L243,Q5XFR0,random,0.1434,0.9287,False
Q1HG44,Q6QWF9,random,0.0719,0.9181,False
Q94IB9,Q9FI44,random,0.1559,0.9028,False
Q56XY2,Q8TBN0,random,0.1667,0.8079,False
Q0WPY0,Q6DHP6,random,0.1677,0.9197,False
P0AAA7,P39927,random,0.1542,0.7883,False
P80748,Q9FIK2,random,0.0867,0.7716,False
O22588,O61788,random,0.1319,0.8425,False
O95600,P42603,random,0.1409,0.8636,False
O96020,Q6UXN9,random,0.1455,0.8467,False
P0A8K1,Q60774,random,0.1667,0.8381,False
Q9H061,Q9Y6W8,random,0.1448,0.8908,False
P00163,Q93Y32,random,0.181,0.8488,False
P53850,Q9VJ97,random,0.1762,0.9073,False
P36164,Q9Y1A3,random,0.0917,0.9136,False
Q6JVE6,Q9SJ09,random,0.1373,0.865,False
A0A5A6,O34381,random,0.1311,0.7497,False
A0A0U1RRN3,Q9SUC3,random,0.0484,0.9233,False
Q9R059,Q9Y3C0,random,0.1809,0.8491,False
P37811,Q8L765,random,0.1296,0.8396,False
O81098,Q7Z144,random,0.1727,0.9523,False
P38558,Q05498,random,0.1027,0.8953,False
P05531,P41814,random,0.1065,0.9612,False
O95396,Q9JK48,random,0.1584,0.867,False
A0A0C4DH42,Q8NCN2,random,0.078,0.7742,False
Q8BFZ1,Q9D6K5,random,0.1163,0.8708,False
P24188,Q9DAK4,random,0.1029,0.8865,False
P0A6E6,Q9VXB5,random,0.125,0.9518,False
P24385,Q8VC88,random,0.1538,0.9169,False
O75635,Q9VYV3,random,0.1872,0.8281,False
P49643,Q17361,random,0.1631,0.9125,False
P32451,Q9D3F7,random,0.1538,0.7651,False
Q24400,Q8L4J2,random,0.1648,0.838,False
Q96324,Q9ZWA1,random,0.1043,0.8034,False
P96686,Q09PK2,random,0.1268,0.7902,False
P05626,P40938,random,0.1713,0.9005,False
P57691,Q9HBM1,random,0.155,0.894,False
O55233,Q6DHG8,random,0.1767,0.9258,False
P23524,Q9Y5J3,random,0.1845,0.7996,False
Q6NWH0,Q8GY11,random,0.1165,0.9381,False
Q9D4J7,Q9M1Y1,random,0.1486,0.8822,False
P12114,P37773,random,0.1649,0.7878,False
F4KBM7,P62979,random,0.0943,0.8621,False
P64616,Q14093,random,0.046,0.7795,False
E9Q137,Q6UX53,random,0.1723,0.8854,False
O74302,P0ADL1,random,0.1419,0.7294,False
O45551,Q20010,random,0.1337,0.9343,False
P61851,Q9SJW3,random,0.1534,0.8231,False
P21365,Q7TPD2,random,0.151,0.8556,False
Q14BK3,Q3UFJ6,random,0.0962,0.9128,False
O06986,Q921W0,random,0.1644,0.8349,False
Q12024,Q5FWF7,random,0.115,0.8744,False
Q8W595,Q9KWZ1,random,0.1437,0.9219,False
O34872,Q6NYV5,random,0.125,0.9281,False
Q91WE1,Q9SAB4,random,0.1629,0.8646,False
Q503I9,Q94JX5,random,0.1174,0.8636,False
Q8LEB2,Q9SU44,random,0.1448,0.8319,False
Q2TJ95,Q9IBD1,random,0.1429,0.7537,False
P75788,Q9ZVH5,random,0.1787,0.827,False
Q8IZ57,Q9LHG8,random,0.1275,0.9539,False
P0C8K0,Q9D7J4,random,0.0892,0.9377,False
O07006,Q9C6Z0,random,0.1055,0.8817,False
Q9CZD0,Q9ZVC2,random,0.1364,0.9092,False
P0DKJ6,Q1LVP6,random,0.1451,0.8282,False
P0DKG6,Q12449,random,0.1472,0.8693,False
P35247,P36093,random,0.1739,0.801,False
Q4KMG9,Q9CQT7,random,0.1726,0.8205,False
Q922M7,Q9Y3A4,random,0.1329,0.9431,False
P37263,Q9I8V0,random,0.1726,0.8779,False
P24867,Q9D1Q1,random,0.1398,0.9126,False
Q969E2,Q9D772,random,0.1245,0.9322,False
P15364,Q9M001,random,0.1749,0.8179,False
P31755,Q9SIE7,random,0.1037,0.8671,False
P26899,Q94L32,random,0.1693,0.9297,False
P17047,Q9D8V7,random,0.1108,0.8687,False
P97391,Q9UIA0,random,0.1066,0.9075,False
Q6PGK7,Q9DAA7,random,0.1092,0.8417,False
P10566,Q0VD86,random,0.1368,0.69,False
Q9UQK1,Q9VG08,random,0.1667,0.9065,False
Q38933,Q8N8Q9,random,0.1683,0.8818,False
O95416,Q93VK9,random,0.1933,0.9189,False
P37648,Q9W2C3,random,0.1605,0.8667,False
O04350,P24257,random,0.0757,0.906,False
P43630,Q9BXR0,random,0.165,0.7744,False
Q09665,Q7LG56,random,0.119,0.646,False
P50845,Q80VP8,random,0.176,0.8083,False
P05161,Q9Y3E0,random,0.1543,0.8204,False
L0R8F8,Q400G9,random,0.0683,0.9196,False
O93430,Q9SIE7,random,0.1059,0.8132,False
P47158,Q9DCX8,random,0.1153,0.928,False
Q3TEW6,Q9JHP7,random,0.1451,0.8387,False
F4IN23,Q9SY09,random,0.081,0.8549,False
O16327,P61769,random,0.1636,0.7852,False
P07991,Q91VU0,random,0.151,0.7858,False
Q8GUJ1,Q8RWM6,random,0.1292,0.7811,False
P37548,Q9UBW8,random,0.1667,0.9214,False
P39548,Q64281,random,0.1538,0.8438,False
Q07750,Q8CAE2,random,0.1238,0.9429,False
P42766,Q6DHJ6,random,0.1694,0.903,False
Q45594,Q9VJV8,random,0.1576,0.9069,False
O45551,Q9VET0,random,0.1179,0.9303,False
P81909,Q14BQ3,random,0.13,0.8635,False
P96581,Q93ZG7,random,0.1265,0.8813,False
P02749,Q5VWZ2,random,0.1589,0.8257,False
P14436,Q96S97,random,0.1246,0.8738,False
P0CX74,Q9GZV7,random,0.1236,0.8008,False
Q6NY34,Q8CHX7,random,0.1146,0.9628,False
Q0P4A7,Q3SX64,random,0.1535,0.8906,False
Q9SU38,Q9XW71,random,0.129,0.7754,False
Q8BYL4,Q9BXI6,random,0.1806,0.899,False
P39764,Q9SYY4,random,0.1261,0.7869,False
P03985,Q3ECT8,random,0.1412,0.8685,False
P06746,Q96MX6,random,0.1714,0.833,False
O17933,P37329,random,0.1635,0.6511,False
Q09473,Q38945,random,0.134,0.8666,False
Q3V384,Q93V51,random,0.131,0.8693,False
P76219,Q8K558,random,0.1627,0.734,False
Q39236,Q8VD63,random,0.0876,0.948,False
P20228,Q9NES8,random,0.1579,0.8802,False
O82391,P54157,random,0.1308,0.8881,False
P14065,Q9W4Z4,random,0.0799,0.8211,False
P48578,Q9LXU0,random,0.0671,0.7702,False
Q04323,Q84X53,random,0.1848,0.8763,False
O49404,Q96TC7,random,0.1461,0.9146,False
P0ADP7,Q9LN20,random,0.1689,0.7681,False
Q8BFT2,Q8WR51,random,0.1663,0.8787,False
O96011,Q9BVA6,random,0.1612,0.9278,False
Q8RYC6,Q9BXL8,random,0.1719,0.8719,False
P42417,P42772,random,0.0936,0.7496,False
O06478,Q9FW03,random,0.1778,0.8737,False
O31935,Q6RSH7,random,0.0769,0.9198,False
P16871,Q8LDL0,random,0.122,0.921,False
Q9FNY0,Q9QUK3,random,0.1431,0.903,False
B3H754,Q9SLG8,random,0.1484,0.926,False
A8WG21,Q5EE01,random,0.1529,0.9519,False
A3KNX5,Q5HYJ1,random,0.1671,0.882,False
Q5TYS0,Q96FE7,random,0.1493,0.8541,False
Q01085,Q9D0K0,random,0.1403,0.8021,False
P25864,Q9NYY1,random,0.1836,0.8875,False
Q8CJI4,Q8NCT1,random,0.1641,0.7992,False
Q94522,Q9DAX2,random,0.1331,0.8447,False
P50395,Q8W246,random,0.1485,0.8413,False
P34276,Q9LRP7,random,0.0954,0.9434,False
P00926,Q9C6K5,random,0.0679,0.7507,False
Q94A52,Q9LTE1,random,0.0882,0.8786,False
Q8L7H1,Q93YV6,random,0.1797,0.8291,False
A0A3B3IRV3,Q20411,random,0.1173,0.92,False
A0A1W2PR82,Q93246,random,0.1476,0.8275,False
Q13239,Q64G17,random,0.1377,0.8518,False
O14662,Q9H6V9,random,0.1602,0.8737,False
Q62522,Q8IWL3,random,0.1508,0.8503,False
P07868,Q503H1,random,0.117,0.8173,False
P17445,P39629,random,0.1265,0.8676,False
O62136,P24369,random,0.1281,0.9447,False
Q10981,Q9D6K5,random,0.1137,0.8963,False
Q9LRS0,Q9Z222,random,0.1636,0.8522,False
P50458,Q8CFE6,random,0.1502,0.8849,False
P64590,Q4AE62,random,0.0651,0.7864,False
O65693,P49640,random,0.1265,0.8719,False
C9J7I0,Q99ML1,random,0.155,0.8787,False
O13525,Q8RXS1,random,0.1527,0.951,False
O65041,Q9CQC4,random,0.0969,0.8949,False
P37518,Q8K3A0,random,0.1613,0.8704,False
F4I8R6,Q39263,random,0.1754,0.9421,False
F4I4E1,O48773,random,0.0955,0.8538,False
A2RT62,Q9SI57,random,0.0898,0.8816,False
O34403,O48677,random,0.155,0.7898,False
O88978,Q969S6,random,0.0949,0.8685,False
A1L157,P39451,random,0.1457,0.747,False
P56784,Q3TVP5,random,0.1625,0.9572,False
P13747,Q5SPP0,random,0.1727,0.8917,False
P0AAH8,Q9SRP4,random,0.1324,0.8324,False
Q12342,Q9Y3V2,random,0.1316,0.9529,False
Q562D6,Q95PJ8,random,0.106,0.9187,False
A0A0K0K1A3,Q922Q5,random,0.0813,0.7122,False
Q9LTJ6,Q9Y5C1,random,0.1599,0.8445,False
O34479,Q96M95,random,0.1469,0.8267,False
P49787,Q8LDU1,random,0.1518,0.9201,False
Q08223,Q504A5,random,0.1425,0.8723,False
P96723,Q19766,random,0.1289,0.8609,False
P46734,Q9V3N8,random,0.1493,0.8595,False
O31801,P0A8G3,random,0.0872,0.949,False
P47114,Q94A65,random,0.1186,0.9026,False
O81312,Q9D1L9,random,0.0741,0.8656,False
P31001,Q8R189,random,0.1146,0.8686,False
P17329,Q9DAG5,random,0.1514,0.8806,False
Q9BYR3,Q9NUE0,random,0.1114,0.4648,False
Q6DFX2,Q9MBH2,random,0.0924,0.8961,False
O70273,P27829,random,0.1485,0.8821,False
A5Z2X3,P0A8M6,random,0.0945,0.9027,False
O31414,P54175,random,0.1221,0.728,False
P14060,Q6NS38,random,0.1792,0.8592,False
P75959,Q9SA34,random,0.1534,0.8493,False
O45933,Q9SYF5,random,0.1476,0.8418,False
Q2V4E2,Q925S4,random,0.1171,0.922,False
P53860,Q04658,random,0.1842,0.9379,False
Q8BV66,Q8BYB9,random,0.1685,0.9116,False
Q08C93,Q5XLR4,random,0.1714,0.8884,False
Q0VB26,Q9Y536,random,0.1338,0.9415,False
O82488,P35127,random,0.1295,0.8515,False
P25444,P40096,random,0.1327,0.9607,False
P67553,Q8CCF0,random,0.1173,0.9062,False
P39706,Q9SIN5,random,0.0892,0.808,False
P19366,Q78WZ7,random,0.1535,0.9136,False
Q8BH50,Q8K5B2,random,0.1452,0.8993,False
Q94131,Q99MW3,random,0.1515,0.8636,False
P30793,P62191,random,0.1435,0.9344,False
P00796,Q7T3E6,random,0.1638,0.8543,False
Q8N999,Q9LNH6,random,0.1818,0.2951,False
P31358,Q9XWU2,random,0.1359,0.8955,False
P00417,Q8IYJ0,random,0.145,0.7806,False
Q9LFW1,Q9UF11,random,0.1551,0.8879,False
P39282,Q9WU63,random,0.1024,0.8702,False
Q8LCU7,Q94CL8,random,0.1648,0.8893,False
Q99NA2,Q9FZJ1,random,0.1864,0.8901,False
P16562,Q9ZV52,random,0.1451,0.8407,False
P59226,Q8BPW0,random,0.1667,0.9088,False
D3YZG8,P42798,random,0.1265,0.8638,False
Q969D9,Q9NQM4,random,0.137,0.9066,False
Q32PP1,Q9LRQ7,random,0.1356,0.8676,False
H2KYQ5,Q7RTT6,random,0.1088,0.9065,False
O34558,Q9FKW2,random,0.1501,0.8461,False
O31562,Q6DBM8,random,0.128,0.8051,False
P00890,Q9ZVF3,random,0.0958,0.9109,False
P38242,Q9SA73,random,0.1397,0.9135,False
P0AFW0,P36955,random,0.1146,0.8675,False
P36131,Q8R2N1,random,0.142,0.9166,False
P50845,Q564X7,random,0.1508,0.7952,False
O32090,Q9JIB4,random,0.1645,0.9037,False
P04925,Q02747,random,0.1176,0.8641,False
A6NDG6,Q9HD47,random,0.1776,0.7277,False
P0AAH8,Q2WEN9,random,0.1551,0.786,False
F4KI56,Q6DH13,random,0.1597,0.8605,False
P10523,P96696,random,0.1274,0.8882,False
C0SUW7,Q9SX52,random,0.1695,0.8451,False
Q8N5B7,Q9S825,random,0.1545,0.8264,False
P38726,Q84X07,random,0.1447,0.8886,False
P50709,Q06828,random,0.0878,0.8756,False
Q00056,Q96MC5,random,0.1455,0.8799,False
Q7ZVJ6,Q9FH97,random,0.1777,0.9078,False
P0DP01,P43080,random,0.1393,0.7516,False
Q1LXI5,Q9CQR7,random,0.1373,0.9196,False
Q14088,Q6ZM28,random,0.1625,0.879,False
Q7T347,Q9MIY7,random,0.1318,0.8056,False
Q3E7T8,Q5U3V7,random,0.1671,0.1203,False
E9PXB6,Q09528,random,0.0587,0.927,False
Q640P4,Q6GMG6,random,0.1489,0.927,False
O70333,Q9VJV8,random,0.1108,0.9231,False
Q08223,Q14DQ1,random,0.1342,0.923,False
P49596,Q9VPH7,random,0.1594,0.8575,False
O70333,P59270,random,0.1061,0.9081,False
F4K6R7,Q20781,random,0.1186,0.8546,False
Q9SP35,Q9UBM1,random,0.1245,0.8296,False
O82274,Q9FK04,random,0.1543,0.9337,False
Q8C522,Q9D4B1,random,0.1467,0.8921,False
B3H5L1,Q8WZ73,random,0.126,0.9016,False
P94438,Q7T291,random,0.1706,0.9089,False
P50549,Q9NPB3,random,0.1211,0.8924,False
P40219,P56213,random,0.135,0.9448,False
P49201,Q8CJ70,random,0.1319,0.8999,False
Q6P2D0,Q8C7V8,random,0.1436,0.8075,False
P07870,Q8BGQ6,random,0.1284,0.8792,False
Q5SXH7,Q8VXY9,random,0.1726,0.8572,False
P0A8J4,Q95029,random,0.08,0.8608,False
P0A867,Q62425,random,0.0886,0.9315,False
O80854,Q8WW22,random,0.1559,0.8579,False
A6NI72,X6R8R1,random,0.1793,0.863,False
P0C0V2,P75830,random,0.08,0.5745,False
A0A411D538,Q9Z121,random,0.2121,0.8317,False
A2BIJ3,P32727,random,0.1696,0.8251,False
O00470,Q96PM5,random,0.15,0.8878,False
P55075,Q91YD9,random,0.1245,0.8611,False
P06899,P0A7V3,random,0.1532,0.933,False
O07938,P43353,random,0.0769,0.704,False
Q8VWI1,Q9LME4,random,0.125,0.7409,False
Q20201,Q9JKP5,random,0.1396,0.9443,False
P47177,Q5F285,random,0.1,0.8192,False
O05228,Q84W04,random,0.1314,0.8479,False
P32695,Q99547,random,0.1188,0.7878,False
P25372,Q5F2N3,random,0.0848,0.7988,False
Q60932,Q8CF31,random,0.0777,0.8571,False
G5EEI4,Q810H5,random,0.0909,0.7946,False
Q9CQK1,Q9FNK0,random,0.0994,0.8645,False
Q6TLF6,Q9D1Z3,random,0.1767,0.7872,False
P54521,Q15653,random,0.1444,0.6549,False
Q9SKN7,Q9VYX7,random,0.1208,0.8334,False
Q6DGT7,Q9R0N3,random,0.1375,0.9051,False
Q69YL0,Q8R1F9,random,0.0882,0.8768,False
O95997,P60624,random,0.1281,0.8056,False
A0A075B6L6,Q6ZNW5,random,0.1028,0.7785,False
P04807,P0A8S9,random,0.0926,0.926,False
Q84WV9,Q9UNK0,random,0.1506,0.8368,False
O46098,Q943Z6,random,0.1027,0.9517,False
F4I5N6,O34634,random,0.1441,0.731,False
P05627,P68254,random,0.1487,0.8894,False
O31963,Q8NG06,random,0.1535,0.7269,False
P71086,Q9DBS2,random,0.1391,0.7622,False
P40070,Q8R2R9,random,0.1196,0.864,False
Q14654,Q9FVC1,random,0.1392,0.8758,False
Q86UD7,Q9C835,random,0.1392,0.9109,False
P0A9N4,Q0VA82,random,0.1131,0.8022,False
Q03219,Q9D915,random,0.1055,0.8922,False
Q52LG2,Q8NFX7,random,0.1324,0.7313,False
P56880,Q8W453,random,0.1448,0.8183,False
P27250,Q8VWI1,random,0.1257,0.7534,False
O34449,Q68EL6,random,0.1221,0.8934,False
Q9C5H6,Q9JI59,random,0.1436,0.8435,False
A6NMX2,P29594,random,0.141,0.8898,False
Q9BZI1,Q9NP08,random,0.1687,0.9443,False
G5EC36,Q68EK2,random,0.1735,0.8343,False
P37263,Q8BGA9,random,0.0899,0.87,False
Q9H910,Q9M391,random,0.1394,0.8801,False
P70172,Q9H2X8,random,0.1207,0.8549,False
P12875,Q9H1R2,random,0.1119,0.8214,False
O70333,P35557,random,0.0688,0.9094,False
P92208,Q9C8C1,random,0.1413,0.8341,False
P01635,P53588,random,0.0874,0.7334,False
P0A9D8,Q61114,random,0.1308,0.9143,False
O31934,Q969Q1,random,0.1045,0.8539,False
Q47706,Q92901,random,0.1587,0.8934,False
Q568B7,Q9LND0,random,0.1653,0.9295,False
Q47157,Q9ULY5,random,0.1233,0.8151,False
O31575,P24298,random,0.1365,0.8249,False
P78386,Q8C7G5,random,0.1567,0.8691,False
P18532,Q9D9I1,random,0.1399,0.7184,False
P75954,Q9H478,random,0.0906,0.7647,False
Q8VYI5,Q9LTS6,random,0.1597,0.7365,False
Q96GU1,Q9SGA6,random,0.1509,0.9134,False
Q6UW88,Q8IZM0,random,0.1104,0.7859,False
P97438,Q9SUA9,random,0.1366,0.911,False
A2VCK2,Q16656,random,0.141,0.9068,False
O60220,Q99LT0,random,0.1754,0.9067,False
P0C079,Q99LS1,random,0.0709,0.8315,False
O49320,Q9FIC9,random,0.1176,0.896,False
P10720,Q9VG95,random,0.1284,0.7462,False
O60496,P38428,random,0.1579,0.8648,False
P26017,P51427,random,0.1591,0.8897,False
P49183,P67080,random,0.1331,0.8187,False
P0A8D0,Q9STY5,random,0.1366,0.8801,False
O55203,Q5XJN6,random,0.1493,0.9359,False
O31611,Q99MB7,random,0.168,0.962,False
P53124,Q9UPY6,random,0.1345,0.9332,False
O82533,P38356,random,0.1437,0.9049,False
Q06429,Q9C5M1,random,0.1296,0.911,False
Q7Z4L0,Q8BGA7,random,0.0781,0.9151,False
P49678,Q61398,random,0.1194,0.8778,False
Q9CWE0,Q9JM54,random,0.1246,0.9367,False
A0A0J9YVY3,Q9FX54,random,0.1095,0.6844,False
P22392,P37596,random,0.1135,0.7868,False
Q91YT0,Q9SUB4,random,0.1379,0.8536,False
Q9HB03,Q9JKK7,random,0.1699,0.7698,False
O88890,P49840,random,0.0849,0.8845,False
Q5TA89,Q62522,random,0.1286,0.9014,False
Q19951,Q9FMI7,random,0.168,0.9033,False
P25550,P37651,random,0.1663,0.8594,False
P25443,Q9UBM1,random,0.1839,0.8957,False
P37749,Q9LHP2,random,0.1118,0.6788,False
Q9D868,Q9S7R4,random,0.1258,0.8282,False
P64646,Q32PR0,random,0.0852,0.9076,False
Q9SMM8,Q9VHI7,random,0.1489,0.8626,False
P0AAX8,P33230,random,0.0752,0.8667,False
P0A7A5,Q8N7C4,random,0.1347,0.6581,False
Q9FME2,Q9H8X9,random,0.1555,0.8601,False
P24232,Q8JHJ1,random,0.0884,0.8604,False
Q06546,Q1PED2,random,0.1075,0.9351,False
Q09637,Q9NV29,random,0.1093,0.9366,False
Q8C4Q6,Q9BRV8,random,0.1323,0.954,False
Q8VHH8,Q9NQ33,random,0.1623,0.8451,False
A6H6T1,P36188,random,0.1421,0.7891,False
Q9SKN6,Q9VWF4,random,0.1751,0.9667,False
Q96D98,Q9FFD0,random,0.1083,0.855,False
P0A879,Q503L9,random,0.1598,0.9146,False
Q8VY52,Q9C540,random,0.1597,0.8582,False
P0AFV8,P38089,random,0.0585,0.8098,False
P25454,Q9SAZ5,random,0.1241,0.922,False
P55872,Q7TNU7,random,0.1021,0.9281,False
P39738,Q9CZ00,random,0.092,0.71,False
P97334,Q99K70,random,0.159,0.9103,False
P16451,Q9M9R9,random,0.0683,0.9221,False
P71003,Q9VXA8,random,0.1694,0.9013,False
Q8NBI6,Q9SPE6,random,0.139,0.8735,False
P94525,Q4PNJ2,random,0.1429,0.8911,False
Q8IZS7,Q9Y603,random,0.0959,0.9009,False
Q8K0D7,Q9Y6F9,random,0.1233,0.9007,False
A8K0Z3,O31822,random,0.1255,0.8485,False
A0A1W2P7I0,Q9D7G9,random,0.076,0.8318,False
O45201,Q02363,random,0.1289,0.9242,False
Q8N4L2,Q8TDN6,random,0.1622,0.2703,False
A0A0J9YVY3,O76009,random,0.0743,0.6595,False
P67775,P91910,random,0.1565,0.8847,False
P42924,P76197,random,0.059,0.7276,False
B3H587,O75792,random,0.1013,0.7905,False
P07012,Q13015,random,0.0795,0.908,False
P53722,Q6PCB6,random,0.142,0.8327,False
F4K8S5,Q9UQK1,random,0.1432,0.9076,False
P0AFP9,Q8N5C1,random,0.1683,0.777,False
P10630,P48307,random,0.1205,0.8627,False
A0A1B0GVG6,Q6IFX3,random,0.0866,0.8458,False
O23305,O89086,random,0.1008,0.685,False
P45425,Q9M1J1,random,0.1433,0.8237,False
Q503Z8,Q9NVV9,random,0.1187,0.9113,False
P39429,Q12096,random,0.1534,0.8582,False
Q8C7B6,Q9VLP3,random,0.1271,0.8707,False
Q6UYE1,Q9CYY7,random,0.1446,0.8475,False
P0AFS5,Q9D0B8,random,0.1626,0.7524,False
O43766,Q9Y287,random,0.1478,0.9351,False
Q8C767,Q9CQ24,random,0.1493,0.9324,False
P04430,Q8BHH1,random,0.0996,0.7636,False
Q94F58,Q9LXC9,random,0.1865,0.968,False
O43286,Q9MA98,random,0.1429,0.866,False
P0AEK0,Q9CTH6,random,0.1308,0.9431,False
Q8CGR5,Q9JKL5,random,0.1254,0.6986,False
O34906,Q12206,random,0.1343,0.6843,False
P27705,P37810,random,0.131,0.8873,False
A0A0J9YVY3,Q32MW3,random,0.0998,0.7378,False
Q56YW9,Q8GXV2,random,0.0947,0.9156,False
P0ACI6,Q640P4,random,0.1089,0.8023,False
P39146,Q69YL0,random,0.0792,0.901,False
O34336,Q9C0J9,random,0.1586,0.785,False
Q96R08,Q9VL00,random,0.1595,0.4026,False
Q80ZM8,Q8N5Z0,random,0.182,0.8008,False
C0HKC8,Q9D0B8,random,0.1431,0.8575,False
P06610,Q9FPR6,random,0.1574,0.8321,False
Q3E9F5,Q93VB2,random,0.1564,0.9387,False
O82628,Q9CR51,nn,0.3667,0.9822,True
Q400G9,Q5VUD6,nn,0.1943,0.9764,False
P37348,P42416,nn,0.1864,0.9411,False
O60496,Q8R0L1,nn,0.1991,0.9598,False
Q9NUE0,Q9UIJ5,nn,0.1936,0.9777,True
Q9LNT9,Q9M1X5,nn,0.5939,0.9908,True
Q717B4,Q9M8J9,nn,0.271,0.9866,True
O60870,Q06668,nn,0.1627,0.9658,False
Q2V2W7,Q3E6U0,nn,0.2637,0.9807,True
Q3E7A4,Q6DHJ6,nn,0.1892,0.9731,True
Q9UDX3,Q9Z275,nn,0.1603,0.9816,False
O75638,Q6UYE1,nn,0.2088,0.9625,False
P0A9Q9,P39954,nn,0.1574,0.9706,False
P06753,Q60779,nn,0.1867,0.9581,False
P0A7D7,P12046,nn,0.4191,0.9836,True
Q9CQX8,Q9LKA1,nn,0.1276,0.972,False
P17260,P36027,nn,0.1772,0.9451,False
Q9WV35,Q9Y235,nn,0.9062,0.9988,True
O08540,O62247,nn,0.1379,0.9762,False
Q64732,Q9DE24,nn,0.2725,0.9726,False
O80842,Q22111,nn,0.1687,0.9372,False
P02407,P49205,nn,0.5172,0.9848,True
Q9S7W1,Q9XF91,nn,0.2012,0.9519,False
O81275,Q9CA51,nn,0.1123,0.9665,False
P27005,Q8LEM7,nn,0.1195,0.978,False
Q6NMD6,Q8RYC6,nn,0.1082,0.9636,False
G5EFF7,Q9SAR5,nn,0.1696,0.9247,False
Q6DHJ1,Q6UWZ7,nn,0.1443,0.9838,False
A0A1B0GST9,Q4LDR2,nn,0.2346,0.9806,False
O48677,Q96519,nn,0.3681,0.9928,True
Q4FE47,Q9FPH0,nn,0.5419,0.9869,False
P62322,Q9LMN4,nn,0.2626,0.9414,True
Q84L09,Q9LU76,nn,0.1857,0.9838,False
O76014,P78386,nn,0.249,0.9725,True
Q3E8A8,Q8GWJ6,nn,0.1322,0.9671,False
F4JJL0,Q9C9G4,nn,0.5099,0.9887,True
Q61806,Q96Q35,nn,0.1566,0.9866,False
O23164,P38353,nn,0.1145,0.9791,False
P0ABU0,Q8GYN9,nn,0.5592,0.9667,True
F4J4A0,Q9M2J6,nn,0.5601,0.9877,False
P02776,P10889,nn,0.4095,0.9846,True
O00338,Q9C9D0,nn,0.2616,0.9845,True
A6ND01,P15328,nn,0.5379,0.9899,True
P38353,P53633,nn,0.1077,0.9758,False
A6NCL7,P20749,nn,0.2036,0.96,False
Q15126,Q8GY88,nn,0.15,0.9721,False
Q12239,Q8LF05,nn,0.2155,0.9743,False
Q64221,Q9QYC3,nn,0.1905,0.9643,False
A2A6M5,Q86X53,nn,0.1838,0.9138,False
P34429,P38629,nn,0.4118,0.9706,True
P35813,P39966,nn,0.2389,0.9729,True
P01795,P03980,nn,0.3542,0.9885,False
P00399,P18777,nn,0.1609,0.9766,False
Q41951,Q41963,nn,0.6087,0.9914,True
Q6ZMR5,Q8K1T0,nn,0.2926,0.9748,True
Q503M4,Q6NT16,nn,0.1827,0.9594,True
Q12442,Q9SVF3,nn,0.2804,0.9848,True
A5PLG0,P02407,nn,0.1197,0.9852,False
Q6ICH7,Q80VP9,nn,0.878,0.9977,True
Q38894,Q9FXJ1,nn,0.624,0.9956,True
Q8GSJ1,Q9SGD6,nn,0.1667,0.9632,False
P52793,Q17R55,nn,0.1378,0.9786,False
O43556,Q60571,nn,0.1513,0.9731,False
Q8S8D8,Q8TDP1,nn,0.1408,0.9752,False
Q92643,Q9LJX8,nn,0.2111,0.9841,True
Q5EE01,Q7ZWJ4,nn,0.1525,0.9824,False
Q5GJ75,Q9CZS3,nn,0.1361,0.9892,False
P0C1Z6,Q9D9K3,nn,0.1978,0.975,False
Q8IUS5,Q9D379,nn,0.1716,0.9297,False
A2CEM9,Q9D845,nn,0.1337,0.9789,False
Q9LRL4,Q9SVI0,nn,0.4562,0.9905,True
Q24536,Q9SRX1,nn,0.1581,0.9915,False
A8MR65,Q8S4Q6,nn,0.3272,0.9701,True
Q20201,Q21305,nn,0.3547,0.9718,False
O34873,P32451,nn,0.1654,0.933,False
Q8IRL8,Q9W497,nn,0.1703,0.9888,True
A2A9I7,Q92826,nn,0.1738,0.9671,False
P16256,P76037,nn,0.1973,0.9734,False
P02776,P10720,nn,0.8462,0.9914,True
Q68EI0,Q9P2S5,nn,0.1747,0.9836,False
A6H8Z2,Q8C627,nn,0.4712,0.9822,True
P06132,P32347,nn,0.4987,0.9634,True
Q96S90,Q99PT3,nn,0.1766,0.9787,False
P0AAN9,P31061,nn,0.1376,0.9744,False
Q6PC45,Q95XD3,nn,0.1694,0.9832,False
P30419,Q94L32,nn,0.3598,0.983,True
Q794W0,Q9C835,nn,0.1282,0.9702,False
O54915,Q91392,nn,0.222,0.9905,True
P61163,Q641P0,nn,0.342,0.9864,True
C9JJ37,Q969K4,nn,0.1846,0.9619,False
O05231,P30014,nn,0.2085,0.9546,False
Q9UJA5,Q9WV35,nn,0.1082,0.9734,False
P32347,Q9M1W4,nn,0.1641,0.9501,False
P22794,Q9R0H2,nn,0.171,0.9669,False
Q6NXT2,Q9FX60,nn,0.875,0.9974,True
P49435,Q9SU38,nn,0.3646,0.9452,True
P47212,Q9UBC7,nn,0.3333,0.9882,True
Q93170,Q9H4B0,nn,0.3096,0.9791,True
Q8GXU5,Q9SUC3,nn,0.3326,0.986,True
O16207,Q96MC5,nn,0.192,0.9835,False
Q5FC79,Q9VLM7,nn,0.1404,0.9887,False
C0SVG5,O04192,nn,0.1525,0.9845,False
P29703,P43551,nn,0.1561,0.945,False
P01040,P56628,nn,0.1838,0.9809,False
Q60738,Q6DBM8,nn,0.1784,0.9593,True
Q04199,Q9SJW6,nn,0.1759,0.983,False
O60810,Q5VWM6,nn,0.4739,0.9932,True
P96593,Q45068,nn,0.1703,0.9708,False
Q0WQG8,Q5MK23,nn,0.1338,0.9813,False
P34429,Q9D0F6,nn,0.4647,0.9825,True
F4I8K2,Q12239,nn,0.1611,0.9734,False
G5EDE5,O55183,nn,0.1349,0.9835,False
P79724,Q1ECY2,nn,0.6078,0.9943,True
P25616,Q9C8J4,nn,0.1712,0.9738,False
Q99JT5,Q9NWH7,nn,0.1466,0.9761,False
Q0VAA2,Q8WWH4,nn,0.1837,0.9635,False
A1L157,O60637,nn,0.2331,0.9763,True
Q99N92,Q9P0M9,nn,0.8311,0.9956,True
Q94252,Q9D379,nn,0.1704,0.9395,False
B3H5L1,Q9LSQ1,nn,0.2286,0.9833,True
P56857,Q925N4,nn,0.223,0.9728,True
Q3UNZ8,Q8LCU7,nn,0.1995,0.9278,True
A0A0U1RRN3,O70337,nn,0.0987,0.9836,False
Q06688,Q7T297,nn,0.1769,0.9764,False
P22692,Q16270,nn,0.2247,0.9653,False
O23207,P38234,nn,0.2526,0.9597,True
O01323,Q91WE4,nn,0.2941,0.9615,True
Q95XD3,Q9SCP9,nn,0.1498,0.9821,False
A2A9I7,Q9D7G9,nn,0.1834,0.9753,False
Q7X6T3,Q8GWI7,nn,0.142,0.9583,False
P0AAJ3,P11349,nn,0.1645,0.9815,False
P00399,P37180,nn,0.1601,0.9849,False
A1Z746,P26648,nn,0.1683,0.9218,False
O17554,P56079,nn,0.1813,0.969,False
P32395,Q9M1W4,nn,0.1884,0.9363,False
Q04472,Q06668,nn,0.1884,0.9689,False
P54503,P68688,nn,0.1825,0.9155,False
P26793,Q9FFG1,nn,0.1925,0.9592,False
P17023,Q68DY9,nn,0.3442,0.9785,True
Q940S5,Q9VZL6,nn,0.096,0.9686,False
Q5PT55,Q9LFP6,nn,0.1772,0.9617,False
P34334,P46778,nn,0.6335,0.9874,True
O43247,P38305,nn,0.1214,0.9802,False
Q96299,Q9C5W6,nn,0.7425,0.9947,True
P40156,Q06668,nn,0.129,0.9643,False
P69771,Q8T0Q4,nn,0.2119,0.9719,True
P39306,Q96GX9,nn,0.2286,0.9779,True
P38307,Q12239,nn,0.1491,0.9756,False
P27929,Q99633,nn,0.1627,0.9819,False
P49813,Q9D1H6,nn,0.1365,0.9809,False
Q8N8V8,Q8S8M2,nn,0.1395,0.9737,False
A4IG32,P49592,nn,0.0896,0.9826,False
Q9D6T1,Q9H853,nn,0.1719,0.9653,True
P90925,P94398,nn,0.1622,0.9825,False
P0AB61,P34605,nn,0.105,0.9853,False
Q4PT23,Q501F8,nn,0.3448,0.9764,True
Q53H82,Q6NYF0,nn,0.6609,0.988,True
Q6DYE4,Q8W3L1,nn,0.16,0.9656,False
P0AEQ1,P54572,nn,0.0979,0.915,False
Q9H4B0,Q9VV41,nn,0.2559,0.9753,True
O31697,O34498,nn,0.1111,0.9861,False
P33331,Q9FZK4,nn,0.504,0.9751,False
P36523,Q9FEB5,nn,0.1574,0.9631,False
P46778,Q19877,nn,0.2235,0.9783,False
Q9FJX2,Q9UNX3,nn,0.6463,0.983,True
O81146,P49722,nn,0.3496,0.9946,True
A0A178WF56,Q8LG30,nn,0.3086,0.9474,True
P28912,Q2EEQ8,nn,0.209,0.9356,False
Q99N42,Q9CQT1,nn,0.1568,0.9291,False
Q9LRP2,Q9ZUI8,nn,0.1743,0.9694,False
Q9DAH2,Q9DB72,nn,0.1673,0.9609,False
Q6PD10,Q7TT16,nn,0.215,0.9776,True
A0A576,P06321,nn,0.458,0.9862,False
O70337,Q91VT8,nn,0.1494,0.9827,False
P24192,P46850,nn,0.1547,0.9848,False
P0DTW1,Q9D1X0,nn,0.1616,0.9539,False
Q9C9Z3,Q9LTG0,nn,0.1768,0.9614,False
O15315,Q9CX47,nn,0.1959,0.9811,True
Q8IXS2,Q9H095,nn,0.1783,0.9834,False
Q9JLZ3,Q9WUR2,nn,0.1985,0.9513,True
A1L453,Q920S2,nn,0.3029,0.9749,True
P06899,Q3E792,nn,0.2263,0.9725,False
P77365,Q794W0,nn,0.1143,0.9684,False
O07533,Q9JLZ3,nn,0.2468,0.953,True
Q7ZUG0,Q9LMN4,nn,0.1604,0.9413,True
Q6DHJ1,Q8N9S9,nn,0.1409,0.9827,False
P25385,Q9LNH6,nn,0.1725,0.9887,False
P52793,Q9EQF4,nn,0.1953,0.9729,False
P0A9G4,P77295,nn,0.1556,0.9094,False
P97306,Q8BZ71,nn,0.347,0.9766,False
Q16667,Q6NKR2,nn,0.1976,0.9748,True
A8WG57,Q12122,nn,0.191,0.9583,False
P46778,P61353,nn,0.2134,0.9806,False
P76201,P94551,nn,0.1676,0.965,False
Q8T8B9,Q9VHF2,nn,0.1628,0.9645,True
P43587,Q9D0M2,nn,0.1283,0.9755,False
Q920S2,Q9UKQ9,nn,0.2896,0.972,True
Q93615,Q99LC5,nn,0.6231,0.9926,True
P57081,Q9BQA1,nn,0.1953,0.9592,False
A0PJT0,A2CEM9,nn,0.1418,0.9752,False
D6RBM5,Q9VWF4,nn,0.1352,0.9568,False
Q42563,Q9SU38,nn,0.6719,0.9806,True
O35215,P58064,nn,0.2132,0.9484,False
Q5TYX0,Q5VWM6,nn,0.4822,0.9935,True
F4JZ24,Q8LAN3,nn,0.3805,0.9822,True
P39377,P75949,nn,0.1966,0.9213,False
Q564X7,Q9Y536,nn,0.171,0.9812,False
Q06340,Q9NQM4,nn,0.1046,0.9647,False
P24280,Q9Z275,nn,0.2174,0.9825,False
P48486,Q9NES8,nn,0.2692,0.9694,True
Q5SSK3,Q9CXC3,nn,0.1846,0.9672,False
P10735,Q99N92,nn,0.1824,0.9693,False
Q0WQG8,Q8BS95,nn,0.4331,0.983,True
Q12155,Q8N138,nn,0.1965,0.9821,False
P36552,Q9CQV5,nn,0.1129,0.9815,False
P41958,Q23369,nn,0.1409,0.9814,False
O76061,Q8N129,nn,0.1836,0.9749,False
A8MS41,O35710,nn,0.2175,0.9598,True
Q93VK9,Q9U3L0,nn,0.1692,0.9828,False
O04192,Q9SPN3,nn,0.2393,0.9856,False
P07486,Q9FX54,nn,0.6667,0.9898,True
O95478,P22738,nn,0.1604,0.9897,False
P32322,Q922Q4,nn,0.8406,0.9972,True
P34334,Q43291,nn,0.4431,0.9911,True
P49787,P53588,nn,0.1722,0.9607,False
Q8N6I4,Q8S8M2,nn,0.1198,0.9666,False
B3LFA3,Q8BHK1,nn,0.3352,0.9693,False
P42207,Q91V51,nn,0.1754,0.9534,False
A0A5A6,P06321,nn,0.3106,0.9861,False
Q9SD80,Q9VLU0,nn,0.1122,0.9769,False
O22683,P31061,nn,0.1741,0.9692,False
Q5GJ75,Q9D300,nn,0.1495,0.9879,False
P49429,Q18347,nn,0.4,0.9875,True
P38689,P56797,nn,0.1596,0.9446,False
P48023,Q92838,nn,0.1526,0.9739,True
O75638,Q80SU3,nn,0.152,0.9586,False
O95416,Q64732,nn,0.1758,0.9809,False
Q8R1Z9,Q8VD66,nn,0.1688,0.9653,False
P17562,Q00266,nn,0.5848,0.9912,True
P0C7U3,Q91WU6,nn,0.1969,0.9892,True
P08736,Q5VTE0,nn,0.851,0.9982,True
Q8S8M2,Q8VYK7,nn,0.1679,0.9706,False
P02992,Q2VIR3,nn,0.2368,0.9783,True
P90993,Q9Y2R9,nn,0.1401,0.9833,False
P03962,Q12122,nn,0.1461,0.9591,False
Q7G8V2,Q9XIE4,nn,0.1263,0.9501,False
P50947,Q9VTH4,nn,0.15,0.9809,False
P48362,Q22494,nn,0.1776,0.9854,False
Q8N4L4,Q96GL9,nn,0.1286,0.9776,False
O04848,P49691,nn,0.1198,0.9805,False
O17823,Q19508,nn,0.3447,0.9956,True
P31553,P94575,nn,0.167,0.9629,False
O23035,Q8LG30,nn,0.3483,0.9558,True
F4J4P8,Q9M2J6,nn,0.5,0.9839,False
P0A7D7,Q5T6V5,nn,0.1449,0.9841,False
Q9M0C2,Q9ZV52,nn,0.3893,0.9643,False
P40063,P43587,nn,0.1284,0.9808,False
P01730,Q9QUM4,nn,0.1744,0.9712,False
P79724,Q90423,nn,0.2081,0.9858,False
P0C7U3,Q5Y5T3,nn,0.1694,0.9906,True
P32642,Q09433,nn,0.12,0.9496,False
O05521,P94591,nn,0.1655,0.9478,False
P0CC03,Q9C9D0,nn,0.2514,0.9816,True
P0C860,Q8C5G2,nn,0.1639,0.9868,False
P06616,P42182,nn,0.3894,0.9809,True
O43365,Q9BZI1,nn,0.2402,0.9802,False
P05452,P39039,nn,0.2072,0.9689,False
P0A9T0,P52643,nn,0.211,0.9831,True
Q8BVC4,Q96Q35,nn,0.1629,0.988,False
P57743,Q9LMN4,nn,0.3495,0.9689,True
O09161,Q9NX01,nn,0.1082,0.9641,False
P45945,Q9XI31,nn,0.2333,0.9707,False
F1QVR8,P40516,nn,0.2068,0.9618,False
Q9C9Z5,Q9SD80,nn,0.141,0.9773,False
Q9LSF7,Q9ZV39,nn,0.1637,0.9841,False
Q8VD66,Q8VZS3,nn,0.1339,0.9634,False
Q13568,Q9Y603,nn,0.1703,0.973,False
Q9FZJ1,Q9JHP7,nn,0.156,0.9828,False
P39140,P94591,nn,0.172,0.9755,False
P14734,Q26366,nn,0.1873,0.9712,False
P28495,P40045,nn,0.1183,0.9849,False
A1A5V9,Q99L85,nn,0.355,0.9888,True
P43234,Q9R013,nn,0.2463,0.9819,True
P46600,P46604,nn,0.4262,0.9918,True
Q9FXA4,Q9LXE3,nn,0.261,0.9823,False
Q564X7,Q9W0Y2,nn,0.1593,0.9811,False
P0C2I8,Q12266,nn,0.7864,0.9975,False
P79724,Q6JIY5,nn,0.5243,0.9888,True
P41225,P53566,nn,0.2018,0.9785,False
P52874,Q94B35,nn,0.167,0.9718,False
O64837,Q9FFS0,nn,0.1931,0.9816,False
P03877,P03882,nn,0.1624,0.9797,True
P48543,Q14654,nn,0.4444,0.9828,True
Q9DCU0,Q9NXK6,nn,0.9152,0.9979,True
P28912,P39145,nn,0.1701,0.9345,False
Q16514,Q6DHG8,nn,0.126,0.985,False
P57106,Q9SCX9,nn,0.1659,0.9634,False
P25340,P32462,nn,0.2846,0.9865,True
P34890,Q16514,nn,0.1557,0.9816,False
O60637,P41731,nn,0.315,0.9794,True
Q02127,Q99N42,nn,0.2024,0.9314,False
Q06104,Q8MPP0,nn,0.1848,0.9744,False
Q7ZUV0,Q8CGV2,nn,0.1756,0.9889,False
Q9LRK2,Q9LRL4,nn,0.4545,0.9906,True
P0AA16,P13792,nn,0.3878,0.9435,False
P0ACS2,P77295,nn,0.1572,0.9106,False
P27548,Q7TS55,nn,0.1386,0.9833,True
Q6P4F1,Q9FZJ1,nn,0.1731,0.9771,False
P17023,Q6P2D0,nn,0.3663,0.9706,True
P46778,Q9UNX3,nn,0.2093,0.9628,False
Q640P4,Q9M8J2,nn,0.2527,0.9939,True
Q9CQX8,Q9D4C5,nn,0.1119,0.9779,False
P31061,Q9V3B4,nn,0.1911,0.9696,False
P48360,Q8W3L1,nn,0.3108,0.982,True
A0A286YF58,P0DPE3,nn,0.1898,0.9661,False
P47947,Q09665,nn,0.5123,0.9907,True
Q91WU6,Q9NUE0,nn,0.2071,0.9787,True
Q8N6K0,Q8VYK7,nn,0.1829,0.9714,False
O60813,Q5VWM6,nn,0.4802,0.9945,True
Q9VTH4,Q9VVR6,nn,0.1702,0.9855,False
A6NMD0,Q86YJ5,nn,0.1704,0.9644,False
A0A0C4DH35,P01795,nn,0.5417,0.9863,False
F4JET1,P43124,nn,0.1757,0.9885,True
Q15628,Q9NXH8,nn,0.1917,0.9617,False
O14548,Q99KD6,nn,0.9035,0.998,True
P38726,Q9Y5L5,nn,0.1391,0.9731,False
Q9D757,Q9I9N1,nn,0.3303,0.9722,False
O34368,P76197,nn,0.2008,0.9163,False
Q96S90,Q9JIY0,nn,0.1695,0.9824,False
P26212,P39805,nn,0.405,0.9815,True
Q8RX32,Q9ZW15,nn,0.6654,0.9813,True
F4IV16,Q93YQ3,nn,0.1964,0.9482,False
Q02973,Q96273,nn,0.1942,0.9449,False
A0A286YF58,C9JI98,nn,0.1637,0.9734,False
O61443,P92208,nn,0.4386,0.9833,True
Q9W549,Q9Y2R9,nn,0.1804,0.9839,False
Q9SUA9,Q9SUB0,nn,0.5443,0.9705,False
P00399,P94364,nn,0.1792,0.9819,False
Q49AR2,Q6DHJ1,nn,0.1492,0.9844,False
O31743,P06616,nn,0.1599,0.9609,False
O60496,P97465,nn,0.3333,0.9859,True
Q9D534,Q9VUU7,nn,0.093,0.9637,False
P25348,P38305,nn,0.1684,0.9847,False
P0AAJ8,P11349,nn,0.1855,0.9754,False
P43694,Q08369,nn,0.9258,0.9982,False
Q6K0P9,Q9SKN6,nn,0.1583,0.979,False
Q0WPR6,Q94BN0,nn,0.1126,0.9679,False
P17023,Q8IVC4,nn,0.3448,0.9812,True
Q14914,Q39172,nn,0.3822,0.9852,True
Q04461,Q9CR04,nn,0.0864,0.9807,False
P46778,Q43291,nn,0.4578,0.9938,True
C0SUW7,Q0WNR6,nn,0.6324,0.9946,True
O01323,P59648,nn,0.1279,0.954,False
Q7T297,Q9C835,nn,0.1452,0.9765,False
Q14186,Q9VVR6,nn,0.1509,0.984,False
Q8BV13,Q9UBW8,nn,0.5673,0.9903,True
C0HKG5,Q1ZYL8,nn,0.1541,0.9881,False
Q61420,Q8LGE9,nn,0.2821,0.9741,True
Q20687,Q8MPP0,nn,0.1621,0.9806,False
P70371,Q0V967,nn,0.157,0.9827,False
Q19351,Q9U298,nn,0.234,0.9861,True
C0Z274,Q5GJ75,nn,0.1383,0.9874,False
P10126,P53013,nn,0.8337,0.9978,True
O34981,Q9FWR5,nn,0.1914,0.9671,False
Q8GXU9,Q9C7N7,nn,0.1452,0.9788,False
P0AEX5,Q15126,nn,0.1327,0.9674,False
A0A0R4IF99,B8A4F0,nn,0.5627,0.9961,True
A3QK16,O61492,nn,0.1742,0.9842,True
A8WG57,O34873,nn,0.4149,0.9816,True
P17865,Q45582,nn,0.1823,0.9359,False
P60411,P60413,nn,0.6755,0.9869,True
A6ND01,Q9EQF4,nn,0.6614,0.9942,True
Q9H4B0,Q9H999,nn,0.1714,0.9704,False
B3H5L1,Q9LYM3,nn,0.4265,0.9778,True
P32564,Q5BJH2,nn,0.1971,0.9834,False
Q06707,Q56P42,nn,0.1739,0.9854,False
P46777,Q9BL19,nn,0.1481,0.9773,False
P12319,P24071,nn,0.1894,0.9803,False
P09912,Q96BM0,nn,0.3846,0.9744,True
O95478,P40078,nn,0.6207,0.9932,True
Q9LXR7,Q9NS26,nn,0.1765,0.9803,False
O15315,Q9FKM5,nn,0.2376,0.9594,True
P77295,Q06065,nn,0.0759,0.9108,False
B3H587,O64865,nn,0.2136,0.9796,True
P20615,Q06416,nn,0.1799,0.9748,False
P0C7R1,Q9C7N7,nn,0.159,0.9764,False
Q9C9A2,Q9FKC3,nn,0.2022,0.9917,True
P16616,Q9CS42,nn,0.1977,0.9104,False
Q8VH31,Q8VI40,nn,0.2062,0.9739,False
F2Z472,Q969E3,nn,0.1541,0.9653,False
Q8K202,Q9VQ93,nn,0.1504,0.9887,False
Q12891,Q8VEI3,nn,0.3627,0.9859,True
Q8CE96,Q9WV35,nn,0.118,0.9756,False
Q06266,Q08981,nn,0.1362,0.9859,False
Q9D6K7,Q9SUC3,nn,0.1442,0.9799,False
P24387,Q60571,nn,0.8727,0.9979,True
Q9HC38,Q9XI31,nn,0.1375,0.9678,True
O82314,Q94B35,nn,0.1862,0.9721,False
P62166,P84074,nn,0.5699,0.986,True
Q6K0P9,Q6NKR8,nn,0.1794,0.9856,False
Q8IY26,Q8LFP1,nn,0.2044,0.958,False
Q9C7N3,Q9VYA8,nn,0.1689,0.9851,False
Q07627,Q3V2C1,nn,0.6044,0.9757,False
F1QVR8,P53944,nn,0.1329,0.9564,False
Q8VZU4,Q99N92,nn,0.1776,0.9719,False
Q9JIZ9,Q9JJ00,nn,0.4695,0.9792,True
Q8R2K1,Q8S8D8,nn,0.1735,0.9793,False
B7U540,P48543,nn,0.4839,0.9883,True
Q2V2W7,Q9M0F3,nn,0.2841,0.9764,True
Q99595,Q9ZS51,nn,0.133,0.9136,False
Q96AQ1,Q96S90,nn,0.1561,0.9776,False
P41225,Q08369,nn,0.1836,0.9769,False
Q5U3V7,Q6DHS9,nn,0.2214,0.9757,True
O34368,P37758,nn,0.1951,0.9183,False
Q8VHI7,Q96Q35,nn,0.1724,0.987,False
O32095,O34437,nn,0.2041,0.921,False
P49678,Q9XFM0,nn,0.3212,0.9808,True
Q9LT21,Q9SYD4,nn,0.2412,0.9959,False
P48985,Q9QYC3,nn,0.2137,0.9677,False
O34498,P96503,nn,0.1329,0.9835,False
F4JJL0,Q9Y2C4,nn,0.1615,0.939,False
P0AEG6,P54178,nn,0.1777,0.9174,False
P53013,Q5VTE0,nn,0.8315,0.9975,True
Q9M1E7,Q9SUD4,nn,0.4266,0.9901,True
O82275,Q922Z1,nn,0.1605,0.9104,False
O34437,P0AFP9,nn,0.1944,0.9234,False
Q5XFR0,Q9CQR5,nn,0.153,0.9703,False
Q503M4,Q7RTY1,nn,0.2638,0.9802,True
O54927,Q04199,nn,0.1798,0.9809,False
P51580,Q8CAE2,nn,0.1522,0.9504,False
A0A1I9LMX5,P42758,nn,0.1992,0.8571,False
P0AGK4,P39667,nn,0.1222,0.9708,False
Q3UND0,Q8BZ71,nn,0.1469,0.9741,False
F4J9A3,Q501F8,nn,0.3227,0.9751,True
P49691,Q940B0,nn,0.1474,0.9792,False
Q06546,Q9VXN9,nn,0.1414,0.9561,False
Q06707,Q9VZL5,nn,0.0701,0.9851,False
P25340,Q9XWE9,nn,0.1331,0.9685,False
Q04888,Q9BT81,nn,0.2643,0.9855,False
Q99NA2,Q9QYC3,nn,0.1713,0.9671,False
Q13487,Q9NRS6,nn,0.2132,0.9761,False
A0MEX7,Q9LRL4,nn,0.4322,0.9912,True
Q8N1A0,Q9H095,nn,0.1652,0.9843,False
Q02973,Q8GWT7,nn,0.1562,0.9463,False
Q9FIX8,Q9SUB0,nn,0.1553,0.9691,False
F4IYZ0,Q9ZUI8,nn,0.291,0.9742,True
Q9FJF6,Q9FJF7,nn,0.9333,0.9957,True
F4IQJ2,Q9CA74,nn,0.1705,0.9775,False
O22788,P49592,nn,0.1417,0.9818,False
O31938,Q04477,nn,0.1972,0.9729,False
Q8N7R7,Q8VDV3,nn,0.1477,0.9953,False
A0A1W2P7I0,Q9SIY7,nn,0.1315,0.936,False
P32451,P48570,nn,0.1783,0.9366,False
P00399,P11350,nn,0.126,0.981,False
D6RBM5,Q80VG1,nn,0.1268,0.9571,False
O80842,Q9CWD8,nn,0.1713,0.9358,False
P39648,Q93169,nn,0.1569,0.9535,False
O61443,P11802,nn,0.2686,0.9371,True
Q6ICX4,Q8BHN5,nn,0.1768,0.9714,False
Q940G8,Q9VXN9,nn,0.1515,0.9559,False
P23453,P39805,nn,0.1715,0.9034,False
Q06668,Q9SKB6,nn,0.1753,0.9663,False
P38702,Q5U3V7,nn,0.2092,0.9707,True
Q20591,Q9U357,nn,0.2054,0.9842,False
O35618,Q0V967,nn,0.1617,0.9849,False
O14960,Q9FL79,nn,0.1362,0.9429,False
P23686,Q00266,nn,0.5823,0.992,True
Q8CGV2,Q9D300,nn,0.1631,0.9896,False
P01583,Q17604,nn,0.1379,0.9792,False
P46734,P92208,nn,0.2128,0.9528,True
P27005,Q7FZF1,nn,0.1317,0.9744,False
P51397,Q9I9N1,nn,0.6095,0.9878,True
F4JMI7,Q9ZUI8,nn,0.212,0.971,True
P48615,Q9H1J7,nn,0.4005,0.9893,True
C0HLB3,P27449,nn,0.6584,0.9911,True
P01040,Q9C835,nn,0.1441,0.9806,False
P32178,P40342,nn,0.179,0.9844,False
P17544,Q03060,nn,0.1707,0.9788,True
P41158,P41971,nn,0.4729,0.9809,True
P0DN34,Q9SD80,nn,0.1406,0.9773,False
Q8LG30,Q8W472,nn,0.2875,0.9405,True
Q13454,Q8R1V4,nn,0.1525,0.9744,False
O02002,P42574,nn,0.3262,0.9689,True
P70340,Q9I9P9,nn,0.5549,0.9873,True
O34437,P0AFS5,nn,0.1886,0.9306,False
O81414,Q9SVA1,nn,0.2967,0.9909,False
O31884,P47111,nn,0.1761,0.9888,False
Q9VG95,Q9ZVQ4,nn,0.2574,0.968,True
Q94JU2,Q9FL41,nn,0.2752,0.982,True
A2A6M5,Q9UHL3,nn,0.1695,0.926,False
P30043,P39315,nn,0.1848,0.9413,False
O49639,P56079,nn,0.3922,0.9925,True
P92177,Q96299,nn,0.6391,0.9961,True
P35548,Q3C1V8,nn,0.2766,0.9786,False
Q38933,Q93WU4,nn,0.166,0.9697,False
Q93ZH7,Q9LKA1,nn,0.1383,0.9739,False
Q8NFJ8,Q8TCT6,nn,0.1592,0.9924,False
Q9C857,Q9FXJ1,nn,0.7128,0.9925,True
Q8N567,Q8R1J3,nn,0.8339,0.985,False
Q12155,Q53FV1,nn,0.1593,0.9821,False
D3Z6H8,P07266,nn,0.1785,0.9917,False
O65359,Q24509,nn,0.1853,0.974,True
A0A286YF58,A0A7I2V3R4,nn,0.1909,0.9647,False
Q503H1,Q6ICX4,nn,0.1498,0.9611,False
P53494,P61163,nn,0.5289,0.987,True
Q84L09,Q9LNH5,nn,0.1614,0.9843,False
P0CX74,Q12266,nn,0.7886,0.9974,False
P02407,P40078,nn,0.1527,0.985,False
P26638,Q8CE96,nn,0.1716,0.9702,False
Q8H0V3,Q9XI31,nn,0.1907,0.972,True
Q8GYX2,Q9C7N7,nn,0.16,0.9808,False
Q9C800,Q9LIK3,nn,0.1559,0.9879,False
P42325,P84074,nn,0.8342,0.993,True
Q8WTC1,Q9CR02,nn,0.1754,0.9854,False
Q91V51,Q9UIA0,nn,0.1767,0.9566,False
P42981,Q96GX9,nn,0.1509,0.9256,False
P49592,Q16514,nn,0.1913,0.982,False
P38824,P50947,nn,0.1212,0.9658,False
O14828,Q9JJ00,nn,0.1565,0.9582,False
G5EDE5,P34888,nn,0.164,0.9835,False
Q9FFE8,Q9SZ58,nn,0.1317,0.9608,False
Q8R3R5,Q8VD66,nn,0.1655,0.9692,False
Q92643,Q99538,nn,0.2384,0.9873,True
A2CEM9,Q0VBK2,nn,0.1369,0.9808,False
F4I562,Q9VZL6,nn,0.0843,0.9704,False
Q8RX32,Q9ZW03,nn,0.6418,0.9663,True
Q94F40,Q9FXJ1,nn,0.6842,0.9865,True
A0A1B0GST9,Q9BUV8,nn,0.1367,0.9771,False
Q03060,Q9JM73,nn,0.1375,0.9704,False
O34498,Q62048,nn,0.1923,0.983,False
P32564,Q06485,nn,0.3046,0.9824,True
O14548,Q61387,nn,0.886,0.9976,True
P0DKC9,Q9CA74,nn,0.1522,0.9779,False
P49429,Q8H0V3,nn,0.1421,0.9728,False
Q8NFA2,Q8NFJ8,nn,0.1906,0.9927,False
P38242,Q96F25,nn,0.3049,0.9579,True
Q08692,Q6ZNM6,nn,0.1303,0.9821,False
P27250,Q3UNZ8,nn,0.2113,0.9267,True
F4JJL0,Q502K1,nn,0.1662,0.9445,False
P16691,P21340,nn,0.1724,0.8956,False
O08545,P52793,nn,0.3702,0.9858,True
O35887,Q7ZUC2,nn,0.2611,0.9776,True
O96014,P48615,nn,0.9746,0.9993,True
P59226,Q9FX60,nn,0.9338,0.9982,True
Q06144,Q8MPP0,nn,0.1627,0.974,False
O64700,P53729,nn,0.1525,0.9601,True
P45548,Q9VHF2,nn,0.2336,0.9702,True
P46604,Q8GXM7,nn,0.3464,0.9839,True
F4JZ24,Q9LN20,nn,0.7059,0.9958,True
Q03060,Q61069,nn,0.1685,0.9766,False
Q8C6Z1,Q9NQ60,nn,0.1799,0.9795,False
P11349,P94405,nn,0.1764,0.9693,False
P27929,Q3E705,nn,0.1296,0.9805,False
O80842,P51835,nn,0.3457,0.9367,True
Q20591,Q9SZ13,nn,0.2644,0.9884,True
Q3E792,Q9SIW5,nn,0.422,0.9828,True
P42126,Q9JLZ3,nn,0.2602,0.9699,True
P0ACK8,P94591,nn,0.289,0.987,False
P38726,Q5U425,nn,0.1391,0.9728,False
Q9NS61,Q9QXT8,nn,0.6145,0.9908,True
Q7K0E3,Q92561,nn,0.1395,0.9829,False
O34589,P0A772,nn,0.1783,0.9108,False
P10126,Q5VTE0,nn,0.9935,0.9999,True
P56079,Q12382,nn,0.1584,0.9751,False
P49458,Q9Y221,nn,0.1414,0.9877,False
Q96GL9,Q9WTP2,nn,0.1601,0.9753,False
O95157,Q9CQN4,nn,0.1385,0.9769,False
Q8BTG7,Q9BV23,nn,0.1499,0.9764,False
E7EZ53,P47212,nn,0.5238,0.9858,True
Q52QU1,Q9M080,nn,0.5345,0.978,True
Q94KK6,Q9SJL6,nn,0.1812,0.9802,False
Q8IVJ8,Q8IWN6,nn,0.1676,0.9791,False
Q9D4C5,Q9UPY6,nn,0.1614,0.9782,False
P32642,Q9JJU8,nn,0.1429,0.9494,False
F2Z472,P97297,nn,0.1579,0.9601,False
P0A8A4,P39667,nn,0.1444,0.9703,False
Q9C800,Q9LPW4,nn,0.2519,0.989,False
P0AB61,P47755,nn,0.1084,0.9873,False
A2BIJ3,Q9FL44,nn,0.1683,0.9675,False
P81451,Q9D6K8,nn,0.1391,0.9767,False
Q8S8D8,Q8TE69,nn,0.1527,0.9696,False
Q9FLV7,Q9MA32,nn,0.3665,0.9819,False
Q9VG95,Q9VG96,nn,0.7222,0.993,True
Q283N4,Q9V3B4,nn,0.1673,0.9836,False
P0A9J8,Q9SGD6,nn,0.2921,0.9512,False
O95478,P39023,nn,0.1569,0.9874,False
Q06385,Q9VQ93,nn,0.3618,0.9942,True
O34981,P37515,nn,0.2459,0.9736,True
D3Z6H8,Q5BPP4,nn,0.175,0.9923,False
Q9C991,Q9XTI0,nn,0.2468,0.9753,True
Q99JT5,Q9NPI7,nn,0.7375,0.9945,False
O23207,P25349,nn,0.3103,0.9722,True
Q5U3H3,Q9M8J2,nn,0.2406,0.9882,True
Q09509,Q8W035,nn,0.3401,0.9846,True
P0C5Y4,Q3V2C1,nn,0.6765,0.9883,False
Q3E8B4,Q9C691,nn,0.4979,0.9571,True
Q9FLV7,Q9LSF7,nn,0.8376,0.997,False
O75348,O82628,nn,0.3583,0.9787,True
O15198,Q9I9P9,nn,0.5484,0.9885,True
F1QWZ4,O14793,nn,0.2156,0.9916,True
P34475,Q9H853,nn,0.164,0.9636,True
Q92643,Q9CXY9,nn,0.9139,0.9984,True
Q9D8T0,Q9VYA8,nn,0.1592,0.9875,False
Q0P457,Q15126,nn,0.1533,0.9678,False
O88829,Q6ICH7,nn,0.17,0.9685,False
P0A7H0,P31134,nn,0.1899,0.9247,False
Q58FY4,Q9C7N7,nn,0.1325,0.9776,False
P53259,Q8LF05,nn,0.175,0.9622,True
P38824,Q3E731,nn,0.1481,0.9703,False
Q6PF05,Q94C27,nn,0.2076,0.9559,False
Q8IVJ8,Q9CR70,nn,0.1667,0.9812,False
Q5PT55,Q6DHK8,nn,0.177,0.9686,True
P56857,P57739,nn,0.2566,0.9764,True
Q9H6V9,Q9MAA7,nn,0.1598,0.9451,False
P29595,Q93725,nn,0.8272,0.9956,True
P50306,Q00266,nn,0.6538,0.9948,True
P0AA86,P0AEG6,nn,0.1858,0.9002,True
O00115,P55083,nn,0.1766,0.9829,False
F4JAU3,F4JZ24,nn,0.3717,0.9821,True
Q9R013,Q9SUL1,nn,0.3143,0.975,True
B9DG24,Q6NMD6,nn,0.1046,0.9703,False
P38726,Q9BQD1,nn,0.1667,0.9722,False
P29703,Q9LX33,nn,0.2711,0.9806,True
P43124,Q04272,nn,0.1468,0.9701,False
P45591,Q9LU93,nn,0.1462,0.9907,False
O60861,Q00013,nn,0.1867,0.9559,False
P56797,Q9CS42,nn,0.1747,0.9407,False
P0A7H0,P23479,nn,0.1651,0.9213,False
A2VCK2,O95931,nn,0.1607,0.9713,False
P36149,P50110,nn,0.1298,0.9861,False
Q59J78,Q8N183,nn,0.8107,0.9935,True
B3H587,Q9T039,nn,0.1792,0.9704,False
Q717B4,Q8L765,nn,0.2542,0.9843,True
P68036,Q9C8X7,nn,0.3395,0.9897,True
P0ACR9,P77295,nn,0.1356,0.917,False
Q2M2N2,Q717B4,nn,0.4798,0.9929,True
O43920,Q3E7A4,nn,0.1615,0.9763,False
P0C7U3,Q9H8X9,nn,0.8568,0.9898,True
F1QWZ4,P10600,nn,0.2128,0.9902,True
Q94250,Q9JKP5,nn,0.2899,0.9763,True
P57081,Q9P2S5,nn,0.2024,0.9791,False
P32233,P38746,nn,0.1869,0.9811,True
A2CEM9,Q8BVC4,nn,0.1479,0.9792,False
B8XY56,P55083,nn,0.1655,0.9796,False
P0AFU4,P77295,nn,0.0766,0.917,False
Q501F8,Q9FL41,nn,0.4158,0.982,True
P06753,Q4PT37,nn,0.1905,0.9524,False
P48603,Q9VQ93,nn,0.1766,0.9891,False
Q5PT55,Q9C9K4,nn,0.1639,0.9655,False
P26899,Q9FI53,nn,0.3811,0.9892,True
P49905,Q9VTH4,nn,0.1536,0.9831,False
P0AEQ1,P46354,nn,0.1587,0.9075,False
O00399,O34981,nn,0.2065,0.97,False
P0A9T0,Q91Z53,nn,0.21,0.9778,True
O48818,Q9ZV52,nn,0.1559,0.9571,False
P0AB38,P0ADA3,nn,0.1658,0.9311,False
Q8LDQ4,Q9SUC3,nn,0.1707,0.9821,False
Q6DHL4,Q93725,nn,0.1667,0.9495,True
Q2VIR3,Q9Z0N2,nn,0.9682,0.9995,True
P24071,Q6PCB8,nn,0.1787,0.9824,False
P01583,Q5SQP1,nn,0.1626,0.991,False
O82275,Q42574,nn,0.1887,0.925,False
P56693,Q9BT81,nn,0.2643,0.985,False
P49813,Q9N4E9,nn,0.1547,0.9799,False
P45591,Q9Y281,nn,0.994,0.9999,True
P0C8K0,P24192,nn,0.1777,0.9893,False
O35710,Q91WM2,nn,0.1971,0.9535,False
Q9JKP5,Q9NR56,nn,0.8376,0.9966,True
P78386,Q9Z320,nn,0.2381,0.9735,True
Q0WPX7,Q9XFM0,nn,0.1158,0.9809,False
O43716,O70337,nn,0.1548,0.9857,False
C9JJ37,Q99956,nn,0.1615,0.9257,False
P02746,Q9D8U4,nn,0.3278,0.9784,False
P39140,P39805,nn,0.1611,0.909,False
P07991,P36839,nn,0.331,0.9805,True
Q8WVI7,Q96GT9,nn,0.1707,0.9774,False
Q0VIA1,Q3UA16,nn,0.1272,0.9822,False
A0A0B4J244,A0A0J9YXY3,nn,0.2735,0.99,False
P0AB61,P68066,nn,0.1732,0.9857,False
C9JJ37,Q99LJ2,nn,0.1866,0.9588,False
F4I9G2,Q9LP56,nn,0.1492,0.9576,False
P0C7H8,Q3V2C1,nn,0.3169,0.9575,False
B9DGG8,P34890,nn,0.1548,0.9855,False
P46777,Q8LBI1,nn,0.5425,0.9875,True
Q99K70,Q9VZL6,nn,0.085,0.9716,False
O49624,O49647,nn,0.5494,0.996,False
P0C7U3,Q14AK4,nn,0.4973,0.9919,True
Q00013,Q13239,nn,0.1525,0.9567,False
P01730,P08637,nn,0.1435,0.9699,False
Q9CX47,Q9LQQ2,nn,0.1948,0.978,True
Q0KHZ6,Q99LC5,nn,0.1681,0.9523,False
P38013,P80239,nn,0.1981,0.9667,True
P27278,Q15126,nn,0.1332,0.9675,False
Q17604,Q1LWX3,nn,0.163,0.9755,False
O31935,P40045,nn,0.0995,0.982,False
Q92858,Q9QYC3,nn,0.2145,0.9713,False
G5EFF7,Q6NZ09,nn,0.1806,0.9311,False
Q1LVP6,Q6DHJ1,nn,0.1574,0.9848,False
O31938,P40060,nn,0.1941,0.9748,False
Q9JJ00,Q9NRQ2,nn,0.4577,0.9836,True
Q6PEM6,Q94BZ5,nn,0.1789,0.9797,False
Q96Q35,Q9D845,nn,0.1638,0.9858,False
Q14576,Q6ICX4,nn,0.1521,0.9612,False
G5EDE5,Q22687,nn,0.1148,0.9853,False
P50947,Q9VVR6,nn,0.1441,0.9838,False
O54915,Q9PU65,nn,0.2421,0.9886,True
F2Z472,Q93249,nn,0.1538,0.9594,False
P39667,P54499,nn,0.1304,0.97,False
A0A0A6YYC5,A0A0B4J244,nn,0.3193,0.992,False
P02776,P19875,nn,0.4112,0.9813,True
O49624,Q3EA00,nn,0.3663,0.9958,False
P0DMR5,Q717B4,nn,0.7753,0.9946,True
P33331,Q9V3H8,nn,0.2628,0.92,False
A6H8Z2,Q96LK8,nn,0.1562,0.9733,False
P01583,Q7XA78,nn,0.1541,0.9884,False
A6NJ69,P40584,nn,0.1441,0.9718,False
O34500,O34610,nn,0.198,0.9785,True
P38824,Q8GYN5,nn,0.1374,0.9649,False
O05231,P0AEK0,nn,0.2186,0.9568,False
Q53H82,Q95Q18,nn,0.4422,0.9755,True
Q38933,Q9FJ24,nn,0.1862,0.9697,False
A0A1B0GST9,A0A1B0GVT2,nn,0.14,0.9781,False
Q9DCU0,Q9SVF3,nn,0.1868,0.9767,True
P10761,Q96PL2,nn,0.1644,0.9668,False
Q8N7R7,Q8TDY3,nn,0.1419,0.9955,False
Q13449,Q99PJ0,nn,0.5407,0.9904,True
Q03898,Q08981,nn,0.151,0.986,False
P0ABU0,P52045,nn,0.2509,0.9765,True
O14775,P16520,nn,0.4532,0.9777,True
P21340,Q9LFU9,nn,0.2,0.9014,True
P00935,P06721,nn,0.3052,0.972,True
O09161,O09165,nn,0.6009,0.9897,True
Q3EBL9,Q95XD3,nn,0.1743,0.9851,False
Q1PFC5,Q9FZ19,nn,0.2123,0.9819,True
Q8BVD7,Q9ESN4,nn,0.3049,0.9808,False
P47111,Q9VLM5,nn,0.1739,0.9901,False
P84074,Q6AXL4,nn,0.8549,0.9969,True
P0A9G4,P0ACS2,nn,0.2436,0.933,False
P39713,Q39172,nn,0.1678,0.9765,False
P32233,P53295,nn,0.5135,0.9925,True
P92208,Q2PJ68,nn,0.1925,0.9521,True
F4J9A3,Q94JU2,nn,0.3083,0.9882,True
Q9NX04,Q9P000,nn,0.2074,0.9853,False
P31009,P49688,nn,0.6678,0.9915,True
O43365,P43241,nn,0.2111,0.9804,False
P34890,Q9CA51,nn,0.162,0.9683,False
P93732,Q9D379,nn,0.2053,0.9263,True
P49715,Q16676,nn,0.2033,0.9741,False
Q9TVW5,Q9XXL3,nn,0.1908,0.9689,False
Q5RKQ0,Q95XD3,nn,0.1556,0.9854,False
F4JMB8,Q9QYI4,nn,0.1214,0.9553,False
O04192,Q84JS6,nn,0.1425,0.9833,False
P32971,Q60571,nn,0.1702,0.9731,False
P58064,Q9VZD5,nn,0.3061,0.9892,True
Q12442,Q9ZUH8,nn,0.2881,0.9834,True
D6RBM5,Q86TL0,nn,0.1118,0.9585,False
P53035,P53050,nn,0.1619,0.9795,False
Q7M707,Q9NYW3,nn,0.3574,0.9946,True
O95931,Q9Y3T6,nn,0.1448,0.9722,False
P60368,P60413,nn,0.6377,0.9842,True
Q7RTY9,Q920S2,nn,0.5583,0.9738,True
Q16667,Q9FEB5,nn,0.1474,0.9733,False
C0HLB3,Q91V37,nn,0.2816,0.983,True
Q6Q5X2,Q8LG30,nn,0.2179,0.9466,True
P81451,Q9SG91,nn,0.1839,0.9762,False
O95983,Q9D4C5,nn,0.1459,0.9777,False
P07991,P53555,nn,0.2516,0.9805,True
P38305,Q9Y3D9,nn,0.1186,0.9803,False
P31009,Q9SCM3,nn,0.6655,0.9938,True
P27929,Q12467,nn,0.181,0.9803,False
Q9D9K3,Q9NWM3,nn,0.164,0.9743,False
P12875,P35996,nn,0.3986,0.9804,True
O35400,Q9BR01,nn,0.2639,0.9784,True
A4QNW7,Q92561,nn,0.6711,0.9936,True
P78386,Q14CN4,nn,0.4629,0.9826,True
Q98875,Q9XW88,nn,0.189,0.9801,False
Q8GYN5,Q9I7K0,nn,0.1834,0.9684,False
O34873,Q12122,nn,0.1648,0.9711,False
O34500,P23877,nn,0.1893,0.9642,False
P0DO23,Q6ICH7,nn,0.1671,0.9688,False
P25340,Q9VLP9,nn,0.1523,0.9757,False
Q8GXU5,Q94C27,nn,0.1703,0.957,False
P38128,Q9SUB0,nn,0.1283,0.9603,False
P0AA47,P16256,nn,0.1928,0.9723,False
Q7G8V2,Q9FPR6,nn,0.4211,0.9486,True
P53013,P62631,nn,0.838,0.9989,True
P06132,P32395,nn,0.361,0.9619,True
F4IV16,Q22915,nn,0.1534,0.9505,False
P01583,P53850,nn,0.1531,0.9894,False
O17823,P46571,nn,0.163,0.9925,False
Q15113,Q16270,nn,0.1466,0.9628,False
P21237,Q9CQN4,nn,0.1571,0.9772,False
P41814,Q7T297,nn,0.1564,0.9749,False
P06721,P23721,nn,0.1574,0.9601,False
P38013,Q04120,nn,0.1928,0.9678,True
Q8R035,Q8S8D8,nn,0.1727,0.9754,False
P03877,P38334,nn,0.122,0.9777,False
O31611,P49458,nn,0.1132,0.9878,False
C0HKG5,Q9UJJ9,nn,0.181,0.981,False
Q22931,Q9M0Y2,nn,0.1847,0.9789,False
Q8R0L9,Q96MC5,nn,0.1422,0.9835,False
Q7M713,Q9NYW3,nn,0.4062,0.995,True
A2BGT0,D6RBM5,nn,0.1098,0.9666,True
Q9FN48,Q9XF91,nn,0.1612,0.9502,False
A6PWV5,Q13487,nn,0.1818,0.9725,False
P49047,Q92643,nn,0.2263,0.9835,True
O62518,Q08457,nn,0.1885,0.9843,False
Q8N129,Q8WU39,nn,0.2036,0.9763,False
Q9LN27,Q9ZS51,nn,0.1745,0.9108,False
P0C860,Q9I9P9,nn,0.1508,0.9861,False
Q8IV50,Q96S90,nn,0.3371,0.9866,False
P76323,Q9D6B9,nn,0.1579,0.916,False
P21216,P68036,nn,0.1696,0.9912,False
Q04199,Q9LT47,nn,0.1815,0.9838,False
O32277,Q794W0,nn,0.151,0.9688,False
P29692,P57776,nn,0.9217,0.9981,True
P48461,Q9NES8,nn,0.2471,0.9699,True
O49484,Q9M1X5,nn,0.6968,0.9951,True
Q9CAC5,Q9LTG0,nn,0.1336,0.96,False
A0PG75,Q9JJ00,nn,0.4743,0.9646,True
F4HWB6,Q5PT55,nn,0.1631,0.9635,False
P25444,P31009,nn,0.7517,0.9953,True
Q6DHR8,Q8R1V4,nn,0.1786,0.973,False
B7ZAP0,P06753,nn,0.1821,0.9568,False
P37348,P39305,nn,0.183,0.9464,False
P40042,Q9LT47,nn,0.1348,0.9745,False
P42644,Q96299,nn,0.6755,0.9935,True
P0A9T0,Q9CA90,nn,0.2295,0.9841,True
P30143,P96593,nn,0.1706,0.9669,False
Q9H3H1,Q9LK34,nn,0.1767,0.9557,False
O49624,O80603,nn,0.3134,0.9961,False
O45933,Q04199,nn,0.1578,0.9825,False
F4J078,Q4PSJ7,nn,0.1535,0.976,False
F4JJL0,Q9SXA6,nn,0.5147,0.9917,True
Q4VBI7,Q9SJL6,nn,0.1798,0.977,False
P52923,Q8W3L1,nn,0.1752,0.9657,False
Q8BXR6,Q9DB72,nn,0.1851,0.9578,False
Q43295,Q9H3H1,nn,0.1277,0.9535,False
P49429,Q9HC38,nn,0.1823,0.972,False
P32451,Q12122,nn,0.1591,0.9403,False
A6NMD0,Q3USQ7,nn,0.1937,0.9648,True
P91477,Q9Y221,nn,0.1818,0.9913,False
P28654,Q9M5J8,nn,0.1985,0.9388,False
P0AEG6,P77285,nn,0.1797,0.9025,False
A1A5V9,Q9BRX2,nn,0.1788,0.9794,False
P38356,Q8MPP0,nn,0.1733,0.9743,False
P05743,Q9UNX3,nn,0.4726,0.9777,True
P17023,Q8IVP9,nn,0.3787,0.9775,True
Q9D115,Q9VUU7,nn,0.6329,0.9879,True
P43587,Q9LTJ2,nn,0.1394,0.9759,False
Q803I4,Q9LQ92,nn,0.1563,0.9712,False
Q3UNZ8,Q8LEB2,nn,0.2198,0.9282,True
P0A9G4,P0AFU4,nn,0.1014,0.895,False
P25864,P78345,nn,0.1632,0.9423,False
P0ADN2,Q59J78,nn,0.1548,0.9776,False
P02776,Q9Z126,nn,0.6952,0.9947,True
Q2VIR3,Q9Z0N1,nn,0.9809,0.9996,True
Q04461,Q9FV71,nn,0.1752,0.9837,False
Q9FFE8,Q9FK04,nn,0.5714,0.9976,True
O81641,Q96KP4,nn,0.1734,0.9529,False
O95571,Q53H82,nn,0.2338,0.954,True
O81146,P52432,nn,0.179,0.9906,False
P05651,P0A7H0,nn,0.2413,0.9528,True
P49813,Q9JKK7,nn,0.5792,0.9896,True
P24521,P36523,nn,0.1419,0.9622,False
Q43291,Q9C9C6,nn,0.1736,0.9788,False
Q9D338,Q9XI19,nn,0.173,0.9737,False
Q6ZNM6,Q9D9I1,nn,0.7021,0.9828,False
Q0VAA2,Q8IZ02,nn,0.2055,0.9888,False
Q04215,Q12266,nn,0.9909,0.9998,False
O62238,Q3UA16,nn,0.1792,0.9806,False
Q04461,Q12015,nn,0.1312,0.9791,False
D3Z6H8,P0DMN7,nn,0.997,0.9996,True
Q9C6K5,Q9LMN4,nn,0.898,0.9955,True
P75712,P94575,nn,0.3712,0.9923,True
Q9FX60,Q9LR02,nn,0.9412,0.9984,True
P37348,P77183,nn,0.1707,0.9457,False
P15364,Q13449,nn,0.2692,0.9824,False
Q94053,Q9XXL3,nn,0.2061,0.9673,False
P0A7H0,Q47538,nn,0.1905,0.9242,False
P03872,Q08004,nn,0.1505,0.9796,False
O14775,P17343,nn,0.4684,0.9746,True
Q80VR3,Q9C9D0,nn,0.2421,0.9808,True
O64834,P47111,nn,0.1813,0.9881,False
Q06416,Q9PWM2,nn,0.1671,0.9731,False
P36523,P53923,nn,0.1374,0.963,False
P48181,Q19351,nn,0.2141,0.9877,True
P47947,P47948,nn,0.6242,0.9886,True
Q8VYI5,Q8VYK7,nn,0.16,0.9744,False
P32178,Q62048,nn,0.1562,0.9845,False
Q04199,Q566T0,nn,0.1673,0.9878,False
P00360,P07486,nn,0.6577,0.9932,True
P0ADA3,P45955,nn,0.1837,0.9178,False
P27929,Q9P032,nn,0.1329,0.9813,False
Q6PL45,Q925Q5,nn,0.1308,0.9695,False
Q9CQX8,Q9I9N1,nn,0.1897,0.9687,False
Q3EBL9,Q9U3L0,nn,0.1984,0.9842,False
P20826,Q502I1,nn,0.1232,0.9752,False
P83293,Q9W497,nn,0.2845,0.9859,True
P40042,Q566T0,nn,0.1188,0.9697,False
Q9FFX1,Q9FLV7,nn,0.3908,0.986,False
A2A6M5,A6NHP3,nn,0.1332,0.903,False
P0AB61,P49458,nn,0.172,0.9872,False
P53604,Q8GYN5,nn,0.161,0.971,False
Q04892,Q20201,nn,0.3723,0.9795,False
Q9FJF7,Q9FJF9,nn,0.9444,0.9977,True
P61857,Q9BUF5,nn,0.8946,0.9989,True
O32217,P00163,nn,0.116,0.9041,False
Q06330,Q92561,nn,0.1381,0.9903,False
A8MYV0,Q99865,nn,0.1547,0.978,False
P06869,Q6ZMR5,nn,0.2607,0.977,True
P77425,Q96KP4,nn,0.1836,0.9438,False
P46777,Q9M9W1,nn,0.1104,0.9794,False
P54504,Q06705,nn,0.1579,0.942,False
Q9FXJ1,Q9SYF0,nn,0.2899,0.9868,True
Q62418,Q8BZ71,nn,0.1596,0.9675,False
Q9CA51,Q9LJW5,nn,0.5849,0.9726,False
P34429,Q9CAQ8,nn,0.4171,0.9877,True
Q7XJK5,Q9SUB0,nn,0.171,0.9606,False
P59540,Q9NYW3,nn,0.3789,0.9942,True
Q925Q5,Q9QXT6,nn,0.1799,0.9736,False
P45945,Q8H0V3,nn,0.1748,0.958,False
P34890,P48596,nn,0.1307,0.9858,False
Q8S8M2,Q8TDP1,nn,0.1534,0.9664,False
O95832,Q8BXA6,nn,0.3822,0.9907,True
O04209,P57776,nn,0.1934,0.9839,False
O31935,P32178,nn,0.1629,0.9888,False
Q6IE26,Q9D379,nn,0.1674,0.9297,False
P0AE08,P38013,nn,0.2085,0.97,True
O81788,Q9XHV0,nn,0.181,0.9746,False
Q84L09,Q9LRP2,nn,0.163,0.9842,False
Q9SGD6,Q9ZUY3,nn,0.7699,0.9866,False
Q3TLP5,Q9JLZ3,nn,0.5,0.9681,True
Q42574,Q96BM0,nn,0.1696,0.9579,False
P20826,Q02223,nn,0.1562,0.9784,False
P26638,Q9BYD6,nn,0.1625,0.9741,False
Q5VYS4,Q7ZUV0,nn,0.1687,0.9814,False
O65695,Q0WPR6,nn,0.2013,0.9752,True
Q9FIH1,Q9SYD4,nn,0.2847,0.9958,False
P62748,P84074,nn,0.9378,0.9975,True
P0DTW1,Q96GT9,nn,0.4667,0.9482,True
P48985,Q9BT81,nn,0.201,0.9808,False
O34437,P0AFU0,nn,0.1893,0.9104,False
O95931,Q9QXV1,nn,0.2767,0.9713,False
O32192,P0AA16,nn,0.3167,0.9449,False
Q9BSI4,Q9Y603,nn,0.1749,0.9765,False
P0ADA3,P0ADT2,nn,0.1304,0.9204,False
A2BIL8,Q9M080,nn,0.1926,0.9755,False
Q96I36,Q9SG91,nn,0.1486,0.9818,False
P01795,P01797,nn,0.5139,0.9862,False
Q8VHI7,Q9H095,nn,0.1679,0.9864,False
A0MFH4,Q9LM18,nn,0.1754,0.9514,False
O22588,Q41963,nn,0.5356,0.9885,True
P43124,Q3V124,nn,0.2099,0.9793,True
Q8BTG7,Q9ZUN1,nn,0.2427,0.9779,True
Q9C9D0,Q9QWG7,nn,0.245,0.9839,True
Q12794,Q8VEI3,nn,0.3986,0.9877,True
O02101,Q6DHG8,nn,0.1256,0.9886,False
Q7T297,Q99312,nn,0.1673,0.9788,False
P0C8K0,P52043,nn,0.1639,0.9819,False
Q9LKA1,Q9UK76,nn,0.1463,0.9756,False
C0HLB3,P59229,nn,0.5655,0.9899,True
C0HMG8,Q8IVJ8,nn,0.1412,0.982,False
Q38933,Q9V8W3,nn,0.1741,0.972,False
Q7G8V2,Q9ZWS6,nn,0.5352,0.9676,True
Q7TT16,Q96PC2,nn,0.189,0.9768,True
O04192,Q94FL6,nn,0.1883,0.9832,False
Q9CQ20,Q9CQQ4,nn,0.1625,0.9863,False
A1A5V9,Q8L9Y2,nn,0.1625,0.9804,False
Q8GZ79,Q8IY26,nn,0.2091,0.9567,False
Q06144,Q23369,nn,0.1111,0.9816,False
F4JZ24,Q9ZW86,nn,0.4238,0.9791,True
P0C860,Q9D300,nn,0.1426,0.9875,False
Q5SV17,Q9D6B9,nn,0.1459,0.9231,False
P61163,Q9P1U1,nn,0.342,0.9865,True
P68036,Q9Y3C8,nn,0.2143,0.9914,True
Q8BKK4,Q9NS25,nn,0.2301,0.9808,False
P51580,Q504A5,nn,0.4899,0.9885,True
P46777,Q9FJL8,nn,0.1457,0.9789,False
Q8GUU2,Q93Z92,nn,0.4444,0.9875,False
Q8R1V4,Q9D771,nn,0.1464,0.9762,False
P15457,P17533,nn,0.2048,0.9385,False
P25616,P53923,nn,0.1368,0.9699,False
Q3E9F0,Q9C9A2,nn,0.2098,0.9912,True
Q8N129,Q9Y2B0,nn,0.2023,0.9727,True
P39667,P54504,nn,0.1343,0.9394,False
P41971,Q80WT2,nn,0.1644,0.9795,False
Q21808,Q96PL2,nn,0.1612,0.9859,False
P60371,P60413,nn,0.589,0.9732,True
P20826,Q9NQ60,nn,0.1604,0.9785,False
Q9H8J5,Q9R0L9,nn,0.1333,0.9479,False
Q5WRN1,Q9SUD4,nn,0.181,0.975,True
P41849,Q19351,nn,0.184,0.9843,True
Q683D5,Q9LQ92,nn,0.2941,0.9717,False
P14832,P24369,nn,0.463,0.979,True
Q7ZW11,Q8IY26,nn,0.1586,0.9547,False
P0AB87,P42981,nn,0.1492,0.9235,False
Q9SJ98,Q9ZV39,nn,0.2067,0.9842,False
Q5Y5T3,Q9NUE0,nn,0.2135,0.9804,True
P32642,Q05926,nn,0.1098,0.9489,True
Q13487,Q91WE1,nn,0.2187,0.9784,False
Q9H4A6,Q9VQ93,nn,0.6987,0.9907,True
P32451,P32875,nn,0.1787,0.9392,True
Q98877,Q9XW88,nn,0.1838,0.9784,False
P32347,P32395,nn,0.3089,0.9697,True
Q9VXN9,Q9XIP2,nn,0.1314,0.9558,False
Q80X85,Q9Y2R9,nn,0.8471,0.998,True
P24369,Q91VU0,nn,0.1712,0.9776,False
P75949,Q0P3Z2,nn,0.1873,0.9229,False
Q7X6T3,Q8CAC8,nn,0.2139,0.9629,False
P32452,Q9SGD6,nn,0.1688,0.9613,False
F4JML5,P0ABU0,nn,0.2317,0.9548,True
P0AB87,P39306,nn,0.2634,0.9782,True
Q9BQA1,Q9DB94,nn,0.2065,0.9659,False
Q04892,Q64732,nn,0.1818,0.9808,False
Q9D8U4,Q9ESN4,nn,0.3139,0.983,False
O49508,Q9LM18,nn,0.3625,0.9692,False
P35584,Q64732,nn,0.265,0.9773,False
Q5TYW6,Q9VYA8,nn,0.157,0.9864,False
B3LFA3,Q8BZF2,nn,0.3571,0.9745,False
P26648,P43308,nn,0.1191,0.9217,False
Q3ULJ0,Q9SCX9,nn,0.4579,0.9739,True
C0HM01,Q3E7Y6,nn,0.2051,0.9791,False
Q9BWH2,Q9XF91,nn,0.1752,0.9457,False
Q9FI70,Q9SVA1,nn,0.5013,0.9937,False
O14548,Q9SG91,nn,0.1721,0.9834,False
Q96EK9,Q9NXH8,nn,0.1841,0.9701,False
P41072,Q564X7,nn,0.1214,0.9827,False
P43080,Q9QXT8,nn,0.2036,0.9801,False
C0HKG5,Q6UX73,nn,0.173,0.9826,False
Q02651,Q08692,nn,0.1661,0.9843,False
Q02223,Q9DAL9,nn,0.1522,0.9772,False
O62247,P97953,nn,0.1422,0.9777,False
Q948J9,Q9SXP7,nn,0.2837,0.9745,True
P01040,Q20496,nn,0.1667,0.9818,False
P40473,P53050,nn,0.1645,0.979,False
O95521,Q5VWM6,nn,0.9662,0.9993,True
P48484,Q9NES8,nn,0.259,0.9703,True
Q8IUY3,Q9Y603,nn,0.1792,0.9731,False
P41225,P43241,nn,0.159,0.9789,False
P36552,Q9BZE1,nn,0.168,0.9839,False
O32142,P26648,nn,0.083,0.9231,False
P35996,Q93W22,nn,0.1357,0.9735,False
P03004,P06616,nn,0.1354,0.9356,False
P41225,P43694,nn,0.1829,0.9786,False
P15288,Q96KP4,nn,0.1869,0.9641,False
Q9R0H2,Q9R0L9,nn,0.1898,0.9462,False
Q05928,Q9R0L9,nn,0.1726,0.9489,False
F4I8U3,Q9ZV39,nn,0.2218,0.9839,False
Q3C1V8,Q95RW8,nn,0.1365,0.9806,False
D3Z6H8,Q24434,nn,0.1467,0.992,False
P25864,Q9BYD2,nn,0.1722,0.9707,True
O43820,Q8VEI3,nn,0.7775,0.9899,True
P40584,P53841,nn,0.1765,0.9743,False
O35658,Q6TYB5,nn,0.1604,0.9764,False
P54552,Q922Q4,nn,0.2679,0.9616,True
O23207,P10126,nn,0.162,0.9489,False
Q8VYB2,Q9H3H1,nn,0.167,0.9522,False
A6H6T1,Q6ZMR5,nn,0.2252,0.9791,True
O43752,Q24509,nn,0.1474,0.9719,True
P00816,P31061,nn,0.1451,0.9712,False
P24369,P52014,nn,0.5982,0.9764,True
Q3U1J1,Q9D9K3,nn,0.1685,0.9733,False
A1Z6E0,Q8VH31,nn,0.1612,0.9744,False
P47947,Q9S744,nn,0.2922,0.9866,False
O81123,Q8LE59,nn,0.4005,0.9842,True
Q08004,Q9VTY4,nn,0.1953,0.9768,False
O04089,Q8LE59,nn,0.7412,0.9949,True
Q2TAA5,Q96F25,nn,0.1316,0.9272,False
P0C7N9,P0DP88,nn,0.1382,0.9704,False
Q29R99,Q948J9,nn,0.3036,0.9664,True
Q9R0L9,Q9Y5Y7,nn,0.1779,0.9623,False
Q4FE47,Q9VD26,nn,0.149,0.9795,False
Q6UWI4,Q96GL9,nn,0.151,0.9797,False
O60496,Q91WJ0,nn,0.1747,0.9598,False
A8E7N9,F1QWZ4,nn,0.2605,0.9896,True
O60637,Q86UF1,nn,0.2465,0.9786,True
P47212,Q810H5,nn,0.3016,0.9904,True
P0AEQ1,P53588,nn,0.0986,0.9103,False
A1A5V9,Q0PNE2,nn,0.1468,0.9879,False
Q9SUD4,Q9UKR8,nn,0.1599,0.9755,True
A3QK16,Q91X78,nn,0.6724,0.9914,True
P36552,Q1LWV7,nn,0.1751,0.9818,False
A4FUN9,Q9VMV6,nn,0.1506,0.9773,False
P47212,P48756,nn,0.2166,0.9861,False
A2A9I7,P10284,nn,0.1676,0.9746,False
Q6DHL4,Q8GWJ6,nn,0.155,0.9699,False
P78415,Q16676,nn,0.1957,0.9792,False
O35317,Q8L4B2,nn,0.1367,0.9697,False
O31464,P96593,nn,0.1768,0.9731,False
P12048,Q45582,nn,0.1434,0.9303,False
P15425,P55083,nn,0.178,0.9828,False
B3H5L1,Q9ZUF7,nn,0.2512,0.975,True
O14893,Q9CQQ4,nn,0.9071,0.9983,True
Q45582,Q9CS42,nn,0.178,0.9273,False
P15457,P15459,nn,0.7035,0.9891,True
O64837,Q15041,nn,0.1806,0.9775,False
P25385,Q24509,nn,0.1104,0.9764,False
Q3E7A4,Q9SKC9,nn,0.1955,0.977,False
P02675,P55083,nn,0.2057,0.9794,False
Q8W570,Q9FL44,nn,0.1891,0.9683,False
O43325,Q3E7Y6,nn,0.1393,0.9793,False
Q6GQN0,Q9VXN9,nn,0.1793,0.9588,False
Q3ECP7,Q8GXK5,nn,0.4289,0.9876,True
Q503M4,Q6PDC8,nn,0.1771,0.9498,False
P34286,P94398,nn,0.195,0.9852,False
P83295,Q9W497,nn,0.2635,0.9922,True
P11802,Q9M1Q2,nn,0.2116,0.8992,True
Q0WNR6,Q96LJ8,nn,0.1419,0.9823,False
P38305,Q9BIA4,nn,0.1782,0.9802,False
O04584,Q9LTG0,nn,0.1916,0.9696,False
Q93VC9,Q9R013,nn,0.1768,0.9731,True
Q2HJ10,Q6DBM8,nn,0.3035,0.9765,True
P23003,P37348,nn,0.1447,0.9457,False
Q6PEM6,Q9LVG4,nn,0.1525,0.9751,False
P39966,Q8BXN7,nn,0.1691,0.9717,True
P91477,Q503P2,nn,0.1596,0.9884,False
O34543,P45945,nn,0.1516,0.9508,False
O04351,Q08981,nn,0.1495,0.9857,False
A6NMD0,O76081,nn,0.1432,0.968,False
P48543,Q92806,nn,0.9873,0.9996,True
G5EFF7,P48510,nn,0.2622,0.9793,False
F1QWZ4,Q9R229,nn,0.3575,0.9908,True
P12047,P26899,nn,0.2097,0.9839,False
Q19877,Q43291,nn,0.1824,0.9798,False
Q8N668,Q8TE69,nn,0.1493,0.9741,False
G5CKU5,P40584,nn,0.1654,0.9752,False
Q8GUT5,Q94L32,nn,0.1448,0.9834,False
A1Z8R8,P53259,nn,0.232,0.9812,True
F1QVR8,Q03920,nn,0.1681,0.9728,False
O45551,P63073,nn,0.3249,0.9938,True
A6NMD0,Q69ZB3,nn,0.1594,0.9615,False
Q9JKC8,Q9VZL6,nn,0.0837,0.9688,False
P23060,P25616,nn,0.1785,0.9716,False
Q9C800,Q9LM74,nn,0.1746,0.9871,False
P35242,Q8IWL1,nn,0.7016,0.9908,True
Q18490,Q794W0,nn,0.0945,0.9661,False
Q6WVG3,Q9DB72,nn,0.1595,0.9569,False
O22718,P49787,nn,0.1742,0.9613,False
Q9LZ99,Q9ZV52,nn,0.1483,0.9545,False
Q08692,Q8N123,nn,0.13,0.975,False
O34589,P42974,nn,0.0955,0.9134,False
Q06137,Q9FM41,nn,0.16,0.9574,False
P91529,Q91XD6,nn,0.1546,0.9754,False
P38193,Q17604,nn,0.1066,0.9763,False
P81451,Q94K78,nn,0.1733,0.9785,False
P43124,Q9UJ41,nn,0.1698,0.9699,False
P45591,Q07750,nn,0.2865,0.9916,True
P43122,Q9H4B0,nn,0.3041,0.9803,True
P0C860,Q96H22,nn,0.1859,0.9867,False
Q08297,Q61880,nn,0.5103,0.9893,True
Q9SVA1,Q9SVA3,nn,0.5479,0.9926,False
A0A0U1RRK4,O75638,nn,0.1714,0.9605,False
P49458,P49962,nn,0.9302,0.9987,True
Q9SKB6,Q9XI19,nn,0.1734,0.9731,False
P26648,Q8H191,nn,0.1791,0.9223,False
Q60994,Q8BVD7,nn,0.3686,0.9814,False
O82275,P51636,nn,0.1667,0.9107,False
O43908,Q8IZS7,nn,0.1649,0.952,False
O82316,Q41963,nn,0.5409,0.9912,True
Q9FJF7,Q9FJG1,nn,0.9333,0.9971,True
O49624,Q9LS04,nn,0.2064,0.9935,False
O09161,P31415,nn,0.5814,0.9871,True
Q8IN23,Q9W497,nn,0.1861,0.987,True
P40962,Q08004,nn,0.1284,0.9783,False
O54927,P40042,nn,0.1354,0.974,False
Q5XFR0,Q9Y3A4,nn,0.1897,0.9704,False
A0A0U1RRN3,Q9SD80,nn,0.1774,0.9783,False
P39451,Q3UNZ8,nn,0.231,0.9277,True
P40045,Q22640,nn,0.1654,0.9843,False
P34910,Q9R0H2,nn,0.1264,0.967,False
Q16270,Q96HD1,nn,0.1606,0.9627,False
Q7TT16,Q9UHH9,nn,0.2038,0.9856,True
P40042,Q7T2F6,nn,0.1537,0.9722,False
P0A9Q9,P17329,nn,0.1834,0.9708,False
P16256,P94575,nn,0.1929,0.9653,False
P26638,Q99N96,nn,0.1748,0.9725,False
P36027,Q07990,nn,0.1277,0.9537,False
P16871,Q02223,nn,0.1226,0.9768,False
Q8N129,Q9QXT0,nn,0.2062,0.9744,True
Q9H8J5,Q9R0H2,nn,0.1481,0.9733,False
P22725,P48615,nn,0.3708,0.9885,True
Q0P3Z2,Q9VHF2,nn,0.4746,0.9816,True
Q61420,Q9NTN3,nn,0.1967,0.9618,False
Q503M4,Q8VCL5,nn,0.1892,0.9572,True
P31997,Q13449,nn,0.2257,0.97,True
O70337,Q9Y5L2,nn,0.1192,0.9833,False
Q99689,Q9NQM4,nn,0.148,0.9662,False
P20749,Q15653,nn,0.2736,0.9645,False
P92208,Q60737,nn,0.2119,0.9773,True
P49209,P70122,nn,0.164,0.9837,False
O34769,Q53H82,nn,0.204,0.974,True
Q13449,Q8N126,nn,0.2287,0.9773,False
Q5BKX0,Q92561,nn,0.1769,0.9823,False
Q1LVP6,Q9CXC3,nn,0.1548,0.9662,False
O17823,Q95ZY4,nn,0.1828,0.9924,False
P39966,Q94CL8,nn,0.1992,0.9743,True
P32027,Q26366,nn,0.1776,0.9797,False
A2RVQ5,Q4PSJ7,nn,0.168,0.9748,False
Q3C1V8,Q810B3,nn,0.9571,0.9993,True
B3LFA3,Q9JJC8,nn,0.4178,0.9881,False
P38353,Q9SVL6,nn,0.1178,0.9766,False
P49429,Q9XI31,nn,0.1162,0.9711,False
P10854,Q3E792,nn,0.203,0.9717,False
Q9CA51,Q9LQW3,nn,0.1756,0.9683,False
Q6ZNM6,Q8N4H0,nn,0.1122,0.9825,False
Q9FXA4,Q9LSA6,nn,0.2642,0.979,False
Q8LDQ4,Q96MC5,nn,0.1597,0.9839,False
Q6NWA8,Q9CQQ4,nn,0.1718,0.9875,False
Q6DHG8,Q9CPV1,nn,0.4733,0.985,True
Q9BYD6,Q9WV35,nn,0.1607,0.9715,False
Q5EE01,Q9LRX8,nn,0.1394,0.9801,False
P07262,P0A9Q9,nn,0.1483,0.9708,False
P68371,Q9BUF5,nn,0.9081,0.999,True
F4I1I4,Q0WPR6,nn,0.75,0.9905,True
Q0WQG8,Q9C7D7,nn,0.109,0.9781,False
Q922F4,Q9BUF5,nn,0.9732,0.9998,True
Q16270,Q8WX77,nn,0.4092,0.9758,False
P40041,Q9CA74,nn,0.1787,0.9783,False
Q8LE59,Q9LTH9,nn,0.1963,0.9806,True
Q08C93,Q96F25,nn,0.1208,0.9212,False
Q5T4F4,Q8VE91,nn,0.1911,0.9812,False
P07486,P17329,nn,0.7331,0.9957,True
Q5VYS4,Q9DBS2,nn,0.1511,0.982,False
Q6NMD6,Q8VI88,nn,0.1212,0.9626,False
Q8BTG7,Q9UGV2,nn,0.5861,0.9907,True
Q9CX47,Q9FKM5,nn,0.2156,0.9707,True
A7TZG1,Q8IZS7,nn,0.1324,0.9488,False
O07586,P0A9G4,nn,0.2143,0.9235,False
P52793,P98172,nn,0.187,0.9758,True
Q94JU2,Q9LI65,nn,0.2895,0.9839,True
O14960,P50699,nn,0.1626,0.9412,False
P34889,P48615,nn,0.3352,0.989,True
Q8N7R7,Q8N8Q9,nn,0.1512,0.9937,False
Q5U3V7,Q8N5S1,nn,0.1926,0.9721,True
O49420,Q9C800,nn,0.2008,0.9871,False
P25385,Q94KK7,nn,0.1533,0.9823,False
B8A4F0,X1WBB5,nn,0.2174,0.9847,True
P0A7D7,P91477,nn,0.1765,0.9863,False
Q9D0M2,Q9SUC3,nn,0.1638,0.98,False
Q23369,Q9Y548,nn,0.1342,0.9837,False
O23039,Q8LE59,nn,0.4,0.9844,True
Q8WTC1,Q9W549,nn,0.1383,0.9856,False
Q38933,Q8W3L1,nn,0.1634,0.9702,False
P62979,Q8GWJ6,nn,0.1977,0.9616,False
O32003,P42981,nn,0.1787,0.9229,False
O64700,Q5JTY5,nn,0.1621,0.9599,True
Q8BRM6,Q9P000,nn,0.1497,0.9861,False
Q5SPP0,Q9Z275,nn,0.2992,0.9869,False
P39771,P49787,nn,0.2061,0.9823,False
Q5VZQ5,Q6ZNM6,nn,0.1692,0.9918,False
A1Z8R8,Q9H300,nn,0.3838,0.9751,True
P30048,Q9CR21,nn,0.1724,0.9423,False
Q09509,Q3E9C3,nn,0.1585,0.9529,False
P39914,P54503,nn,0.1295,0.9166,False
P40962,Q9U3L0,nn,0.1849,0.9817,False
Q8LE42,Q9XXD2,nn,0.1292,0.983,False
O14775,Q9LJN8,nn,0.1749,0.9758,False
Q9BQA1,Q9BRX9,nn,0.2113,0.9527,False
Q02651,Q6ZNM6,nn,0.14,0.988,False
Q9CQE3,Q9XXD2,nn,0.1442,0.9786,False
O17823,P46572,nn,0.1648,0.9925,False
O54927,Q7T2F6,nn,0.7234,0.997,False
B3H587,O49645,nn,0.2281,0.9735,True
P62631,Q5VTE0,nn,0.9201,0.9981,True
P57739,Q8BXA6,nn,0.3462,0.9882,True
P50207,Q9BT81,nn,0.1763,0.9804,False
P38726,P40584,nn,0.437,0.9875,True
Q06707,Q9D600,nn,0.1443,0.9865,False
P57768,Q0WNR6,nn,0.1448,0.9822,False
Q501F8,Q94JU2,nn,0.2842,0.9823,True
Q9C5J6,Q9H3H1,nn,0.215,0.9612,True
Q9U3N5,Q9VMV6,nn,0.2794,0.9799,True
P15880,P31009,nn,0.7517,0.9941,True
F4IV16,P35202,nn,0.2342,0.9669,True
Q8NEY3,Q8TE69,nn,0.1286,0.9699,False
P38824,Q9VVR6,nn,0.1508,0.9677,False
Q8IZS7,Q8VI21,nn,0.1255,0.9549,False
Q08457,Q12134,nn,0.1536,0.9835,False
L8E946,Q9XW88,nn,0.1683,0.9791,False
P69771,Q9VTE5,nn,0.1659,0.9721,False
P21464,P56797,nn,0.4,0.9526,True
Q8NFJ8,Q8T913,nn,0.1535,0.9924,False
P91477,Q4KL14,nn,0.1773,0.9885,False
Q1RLQ5,Q5VUD6,nn,0.4606,0.9763,True
A0A1W2P7I0,A0A1W2PQU2,nn,0.9605,0.9996,False
O82653,P25864,nn,0.1438,0.9428,False
O60637,O95858,nn,0.2086,0.9784,True
P0AE37,P46548,nn,0.1776,0.9792,False
Q9FFD8,Q9VUU7,nn,0.2523,0.977,True
P39966,Q9M8R7,nn,0.2121,0.9773,True
P30177,Q99N42,nn,0.1799,0.9274,False
Q0WPR6,Q8BGV7,nn,0.1239,0.969,False
O95843,P27005,nn,0.1524,0.9776,False
Q6ZWI9,Q8VH31,nn,0.3,0.984,False
P0C860,Q5GJ75,nn,0.1475,0.9868,False
P0DP88,Q6UXP3,nn,0.144,0.9662,False
Q61420,Q6DBP3,nn,0.2123,0.9645,False
P57768,Q9NQM4,nn,0.1481,0.9644,False
O95478,P17094,nn,0.1797,0.9886,False
Q13509,Q9BUF5,nn,0.9156,0.9994,True
Q99JT5,Q9C7P1,nn,0.1675,0.9797,False
P79724,Q8JH55,nn,0.2136,0.9843,False
Q8S4Q6,Q9D3J9,nn,0.1541,0.9639,False
P20749,P82976,nn,0.2046,0.9556,False
F4I9G2,Q8GYL9,nn,0.1767,0.9589,False
P32613,P40045,nn,0.1656,0.9816,False
P23003,P39648,nn,0.1726,0.9528,False
P49787,P54572,nn,0.1988,0.9579,False
P54503,Q05926,nn,0.1544,0.9163,False
Q9BU64,Q9P000,nn,0.1689,0.9873,False
O82598,Q41963,nn,0.6996,0.9974,True
Q9H853,Q9R1K7,nn,0.1491,0.9719,True
P41970,P41971,nn,0.9193,0.9988,True
P57081,Q9EP82,nn,0.7512,0.9928,True
A2A6M5,P0DKG6,nn,0.1702,0.9109,False
Q95XD0,Q9XXD2,nn,0.1531,0.9797,False
P45966,Q3UA16,nn,0.1888,0.9818,False
Q94C27,Q9FYF9,nn,0.1946,0.9651,False
P0ADD7,P36881,nn,0.124,0.9438,False
P78386,P97861,nn,0.7652,0.992,True
O23164,Q20591,nn,0.1133,0.9857,False
O82275,P0AE42,nn,0.2169,0.916,False
Q8L9Y2,Q9CX47,nn,0.18,0.9715,False
O81788,Q9SAK5,nn,0.1597,0.9765,False
P0AE37,P36553,nn,0.1662,0.9794,False
P03872,P34890,nn,0.1242,0.9829,False
O14599,P0DP88,nn,0.2075,0.9707,False
P31269,Q3C1V8,nn,0.1842,0.9769,False
Q06609,Q08297,nn,0.9882,0.9997,True
Q3UA16,Q9HBM1,nn,0.7389,0.9948,True
Q8IY26,Q9D4F2,nn,0.8818,0.9897,True
P40165,Q09509,nn,0.1328,0.9557,False
P0DTW1,P49919,nn,0.1092,0.9492,False
O32217,P54175,nn,0.1878,0.9043,False
P43694,Q04886,nn,0.1969,0.98,False
Q5VYS4,Q9CPP0,nn,0.1377,0.9823,False
P47947,P47949,nn,0.6242,0.9905,True
Q9I9P9,Q9JIW5,nn,0.5764,0.986,True
P49209,Q9M9W1,nn,0.1878,0.9848,False
P45945,Q04760,nn,0.1584,0.9574,False
Q8VD58,Q9R0H2,nn,0.1614,0.9725,False
O05231,P03007,nn,0.192,0.962,False
P54504,Q07688,nn,0.1326,0.9393,False
Q3E8B4,Q6NLG7,nn,0.1357,0.9449,False
P15457,Q9M0T1,nn,0.1377,0.943,False
P0AA16,P69228,nn,0.3629,0.9761,False
P69771,Q13901,nn,0.1643,0.9723,False
Q9FM41,Q9JKC8,nn,0.1764,0.9568,False
O80842,Q9MBA2,nn,0.1818,0.9518,False
F4I8K2,P53259,nn,0.1489,0.9638,True
Q61701,Q6ICX4,nn,0.1767,0.9623,False
Q9FJF7,Q9FJG0,nn,0.9121,0.9967,True
Q6DHR8,Q8CGV2,nn,0.1377,0.9891,False
Q8S8D8,Q8VYK7,nn,0.1198,0.973,False
Q5VYS4,Q8K015,nn,0.1657,0.9829,False
Q12226,Q9FFE8,nn,0.1614,0.9604,False
P01583,P21182,nn,0.1629,0.9879,False
O23252,P63073,nn,0.3539,0.9926,True
B0V3H4,Q7T347,nn,0.1663,0.9897,False
O43752,P25385,nn,0.1778,0.9841,False
A6ND01,Q05685,nn,0.5038,0.9935,True
P76201,Q0KHZ6,nn,0.2375,0.9683,True
Q7L2H7,Q8BV13,nn,0.1697,0.9778,False
P91529,Q5U3V9,nn,0.1651,0.9776,False
Q0VAA2,Q8IY45,nn,0.1402,0.9752,False
P06320,P06321,nn,0.3582,0.9855,False
P17742,P24369,nn,0.4839,0.9743,True
P55082,Q502I1,nn,0.0912,0.9766,False
A2A9I7,P17483,nn,0.1524,0.9715,False
Q9NS25,Q9NS26,nn,0.7961,0.9853,True
Q3SXZ7,Q91V51,nn,0.346,0.9845,False
P0ACK5,P94591,nn,0.2331,0.9825,False
P39039,Q5U3G1,nn,0.3069,0.9761,False
Q12266,Q12391,nn,0.8773,0.9981,False
P38013,Q06830,nn,0.21,0.9673,True
Q5PP26,Q9M5J8,nn,0.2459,0.9587,False
O00292,P20863,nn,0.2132,0.9734,True
P20863,P43029,nn,0.2564,0.9764,True
B0V3H4,Q15040,nn,0.1511,0.9811,False
Q9SI56,Q9SUD4,nn,0.2782,0.9808,True
P49411,Q2VIR3,nn,0.2323,0.977,True
A3QK16,O94905,nn,0.7882,0.9954,True
Q60571,Q9BS86,nn,0.1593,0.9758,False
Q9M8J2,Q9S7G2,nn,0.5317,0.9923,True
P58064,Q18785,nn,0.1812,0.95,False
A0A1B0GRQ0,A0A1B0GST9,nn,0.15,0.9791,False
P91455,Q9SU38,nn,0.4158,0.9673,True
P30043,Q9HBL8,nn,0.1753,0.9567,False
Q7RTY9,Q9UKQ9,nn,0.287,0.977,True
Q8NFJ8,Q8VEE1,nn,0.1618,0.9917,False
Q9M2J6,Q9SHT3,nn,0.4848,0.9868,False
P38635,Q9VHF2,nn,0.1587,0.9645,False
P0DTW1,Q96GU1,nn,0.2826,0.9507,True
Q12239,Q19821,nn,0.1576,0.9756,False
P11349,P68646,nn,0.084,0.9702,False
P01795,P01802,nn,0.5139,0.9862,False
Q18248,Q9NS26,nn,0.0846,0.9805,False
Q9MA32,Q9ZV39,nn,0.1707,0.983,False
A0A1W2P7I0,P46478,nn,0.2375,0.941,False
Q5MNZ6,Q9P2S5,nn,0.1691,0.9789,False
P36881,P37051,nn,0.1224,0.948,False
P32347,Q93088,nn,0.1771,0.9499,False
B3H587,Q9M2G1,nn,0.1878,0.9806,True
Q3E7A4,Q3E846,nn,0.1478,0.9858,False
Q8GUU2,Q9M2S6,nn,0.1806,0.9823,False
P16256,P75712,nn,0.2172,0.966,False
P32642,Q8BG73,nn,0.1181,0.961,False
Q8L4B2,Q9FMV5,nn,0.4769,0.9839,True
Q9FX60,P68431,nn,0.9118,0.998,True
O64700,P76556,nn,0.1398,0.9587,False
P43080,Q8VBV8,nn,0.4147,0.9842,False
P42574,Q14790,nn,0.2268,0.9023,True
Q96324,Q9VG95,nn,0.2146,0.9674,True
Q92838,Q9D777,nn,0.202,0.9703,True
Q24536,Q9UKF7,nn,0.1496,0.9904,False
P25454,Q08297,nn,0.5675,0.9836,True
Q8BH02,Q9NXH8,nn,0.7662,0.9855,True
P58872,Q9H300,nn,0.1889,0.9612,True
P07266,P50110,nn,0.168,0.9866,False
Q4FE47,Q9M2S6,nn,0.1392,0.9786,False
Q8BTG7,Q9NZD8,nn,0.1658,0.9807,False
P04037,P42844,nn,0.1658,0.9826,False
O65251,P26793,nn,0.4643,0.9947,True
O64700,P24203,nn,0.1534,0.9617,True
O95931,Q9QXG9,nn,0.1545,0.9712,False
P53013,Q05639,nn,0.838,0.999,True
Q02973,Q7WY75,nn,0.1413,0.9732,False
O16264,Q99N92,nn,0.179,0.9686,False
Q9V8M5,Q9XTI0,nn,0.4268,0.9668,True
P0C0W9,P49209,nn,0.1683,0.9833,False
Q0V967,Q9CWJ3,nn,0.1667,0.9832,False
O76021,Q6K0P9,nn,0.1725,0.9795,False
O75610,P20863,nn,0.2108,0.9734,True
P47040,Q9M0Y2,nn,0.1736,0.9784,False
P42574,P55212,nn,0.3704,0.9761,True
P49209,Q9SZX9,nn,0.8866,0.9963,True
P23510,P27548,nn,0.1731,0.9832,True
P43587,Q9D772,nn,0.2105,0.9783,False
P62717,Q5EE01,nn,0.1186,0.9776,False
B3H5L1,Q9LVZ8,nn,0.1861,0.9752,True
P0CX51,P49691,nn,0.1081,0.9796,False
P23769,P43694,nn,0.3121,0.9828,False
P62983,Q8GWJ6,nn,0.1977,0.9613,False
Q8RX32,Q9LHT0,nn,0.6402,0.9768,True
Q9SUC0,Q9XTI0,nn,0.3743,0.9473,True
Q9SEL5,Q9SJL6,nn,0.2143,0.9843,False
Q9DCU0,Q9ZUH8,nn,0.2267,0.9767,True
Q8VXY9,Q96KP4,nn,0.1823,0.9401,False
P55852,Q93725,nn,0.14,0.9483,True
B3LFA3,Q9LIR9,nn,0.875,0.996,True
Q9D4C9,Q9Z275,nn,0.3102,0.9808,False
P32564,P38837,nn,0.1316,0.9861,False
Q1PFC5,Q9FKC3,nn,0.1792,0.9845,True
P49592,Q6NQH4,nn,0.1515,0.9849,False
F4JNL3,Q9R013,nn,0.2547,0.9707,True
P53439,P56079,nn,0.5295,0.9941,True
O82133,P10914,nn,0.1938,0.9742,False
Q944P0,Q9M0Y2,nn,0.5976,0.9966,True
P34429,P40938,nn,0.2434,0.9628,True
O60499,Q9UNK0,nn,0.2247,0.9897,True
P57081,Q9HCU5,nn,0.1776,0.9888,False
O95416,Q20201,nn,0.3723,0.9787,False
Q940G6,Q9MAA7,nn,0.8526,0.9971,True
P32233,P38219,nn,0.1907,0.9844,True
P51580,Q9I7X6,nn,0.1335,0.9626,False
A0A1W2P7I0,Q3MUY2,nn,0.2125,0.9403,False
P56857,Q6DHP1,nn,0.3019,0.9724,True
P43136,Q9DB72,nn,0.2004,0.962,False
Q5VUD6,Q8BQT2,nn,0.2352,0.9872,True
Q8T045,Q9FZJ1,nn,0.1805,0.982,False
Q4PSJ7,Q94AR4,nn,0.1682,0.9757,False
F4I9G2,Q9C7P1,nn,0.1471,0.9637,False
P68036,Q9FHI1,nn,0.1735,0.9881,False
Q8L4B2,Q8LCG7,nn,0.5424,0.9815,True
P41911,Q9SCX9,nn,0.4009,0.9685,True
Q12442,Q9DCU0,nn,0.2077,0.9789,True
Q9QXT8,Q9W2Q5,nn,0.1903,0.98,False
Q17856,Q9XXL3,nn,0.1985,0.9695,False
O82597,P32178,nn,0.1885,0.9857,False
O13539,O31938,nn,0.1686,0.9731,False
Q8BVD7,Q9D8U4,nn,0.5545,0.9864,False
Q9SUD5,Q9ZUI8,nn,0.2404,0.975,True
Q9VTH4,Q9XZT7,nn,0.1533,0.9842,False
Q6TYB5,Q8VE91,nn,0.1759,0.9783,False
Q8BVP1,Q8VH31,nn,0.2107,0.9757,False
P25616,Q99312,nn,0.1543,0.9705,False
P43694,Q26366,nn,0.189,0.9696,False
A0A0B4J244,A0A0B4J268,nn,0.2931,0.9885,False
Q9I9N1,Q9LDU5,nn,0.1168,0.9723,False
Q8R3W5,Q8TE69,nn,0.1895,0.9689,False
Q07654,Q2V2W7,nn,0.2198,0.9793,False
Q38829,Q9XFM0,nn,0.259,0.9778,True
A6NKF2,Q13487,nn,0.218,0.9665,False
Q7ZVE6,Q9FZJ1,nn,0.1544,0.9823,False
O80365,Q7G8V2,nn,0.41,0.9521,True
P21340,P48026,nn,0.1761,0.9034,True
P36027,Q06810,nn,0.2054,0.9548,False
Q8WTC1,Q96EY4,nn,0.1419,0.9856,False
Q59J78,Q6IQ63,nn,0.1512,0.9749,False
P0ADY3,P35996,nn,0.4203,0.9836,True
P40962,Q6DHG8,nn,0.1491,0.9849,False
Q86VR2,Q8VE91,nn,0.3385,0.9821,True
F1R4C4,Q00013,nn,0.1706,0.9563,False
P26793,Q6TNU4,nn,0.5581,0.993,True
Q4FE47,Q9ZUB8,nn,0.1527,0.975,False
O16962,O54915,nn,0.2156,0.9909,True
Q3E7Y6,Q99633,nn,0.0819,0.9805,False
Q08692,Q5VZQ5,nn,0.1459,0.9835,False
O81146,O81153,nn,0.1786,0.9903,False
P31069,P54504,nn,0.1639,0.9391,False
F4JMB8,O65657,nn,0.3048,0.9534,True
O82133,Q7XHI9,nn,0.1389,0.9752,False
P0AEQ1,Q94522,nn,0.1433,0.9122,False
Q9SVA0,Q9SVA1,nn,0.4662,0.9921,False
Q84L09,Q9FIH5,nn,0.162,0.9846,False
Q9C9A2,Q9SAB4,nn,0.1869,0.9934,True
O89094,P42574,nn,0.2943,0.9096,True
O48677,Q9LDN9,nn,0.3592,0.9888,True
Q9LTG0,Q9SZZ8,nn,0.7476,0.9967,True
A4D256,Q16667,nn,0.14,0.9709,True
Q9LP56,Q9M080,nn,0.1782,0.98,False
P38353,P96581,nn,0.148,0.9805,False
P94398,Q08BZ4,nn,0.1289,0.9828,False
O14960,Q9LNU3,nn,0.1569,0.9376,False
O81788,Q9LM83,nn,0.3506,0.981,True
Q6ZVN7,Q8IVJ8,nn,0.1782,0.9814,False
Q96F25,Q9D081,nn,0.7604,0.9896,True
P42844,Q9BYD6,nn,0.1269,0.9804,False
O34500,P0AE26,nn,0.1823,0.9313,False
P0DP88,P39349,nn,0.1885,0.968,False
Q02973,Q05AK9,nn,0.1739,0.9438,False
O88472,Q02223,nn,0.6211,0.9857,False
P38824,Q9NXR8,nn,0.1029,0.9668,False
P07991,P22256,nn,0.2882,0.981,True
Q925N2,Q9VLM7,nn,0.1538,0.9856,False
P06616,P32727,nn,0.1646,0.9371,False
O09161,Q8BUH1,nn,0.1106,0.963,False
A0A0U1RQS6,A0A286YF58,nn,0.1516,0.9818,False
Q24509,Q8K1E0,nn,0.4213,0.9868,True
P30043,P76113,nn,0.1507,0.9281,False
Q9FFE8,Q9FH97,nn,0.166,0.9568,False
Q19821,Q8LF05,nn,0.1417,0.9715,True
A0A0B4J237,A0A0B4J244,nn,0.5702,0.9908,False
O62247,Q6UXX9,nn,0.1762,0.9761,False
O32259,P30657,nn,0.1717,0.9882,False
P00360,P0A9Q9,nn,0.1486,0.9726,False
Q7L099,Q9V439,nn,0.0853,0.9852,False
P75949,Q96NU7,nn,0.1572,0.9244,False
P54572,P76201,nn,0.1588,0.9484,False
P69781,Q9FNY0,nn,0.1578,0.981,False
Q94B35,Q9BYD6,nn,0.1797,0.9752,False
O34589,P38234,nn,0.1659,0.9126,False
P49458,P97304,nn,0.1579,0.988,False
O88324,P01730,nn,0.1242,0.9729,False
O34873,P32395,nn,0.1698,0.9429,False
Q949Q0,Q9SCX9,nn,0.2511,0.9654,True
P38117,P76201,nn,0.229,0.9552,True
O35658,Q91ZP9,nn,0.188,0.9794,False
Q1PFC5,Q9SQU6,nn,0.1919,0.982,True
O81057,Q9M1X5,nn,0.6258,0.9939,True
Q17374,Q9VMV6,nn,0.155,0.978,False
Q9LR75,Q9XI19,nn,0.1772,0.9786,False
P0CF60,P28912,nn,0.1276,0.9325,False
O55233,Q925Q5,nn,0.1368,0.9715,False
Q8GYN5,Q9VVR6,nn,0.1508,0.9655,False
A3QK16,Q4V3D6,nn,0.2079,0.9837,True
Q9CQ85,Q9ZS51,nn,0.1698,0.9119,False
Q5EE01,Q93W22,nn,0.0901,0.9797,False
P07991,Q940M2,nn,0.2585,0.9801,True
Q93725,Q9VJ33,nn,0.8095,0.9922,True
P97953,Q7X6T3,nn,0.1422,0.9613,False
Q6IR41,Q92838,nn,0.1894,0.9694,False
Q9SUI6,Q9XF91,nn,0.1573,0.9485,False
Q9CA02,Q9SYD4,nn,0.2633,0.9956,False
Q9VVR6,Q9XZT7,nn,0.1476,0.9857,False
P39805,P54459,nn,0.17,0.9031,False
F4IV16,Q9LK34,nn,0.1426,0.9473,False
Q9D8Y1,Q9VLM7,nn,0.1973,0.9859,True
P0A9T0,Q9UBQ7,nn,0.2148,0.9821,True
P01730,Q8VD31,nn,0.1782,0.9757,False
O45933,O54927,nn,0.187,0.9768,False
P0ADR6,P28248,nn,0.1491,0.9579,False
Q9BXN1,Q9M5J8,nn,0.199,0.9402,False
P34428,Q8L4B2,nn,0.0936,0.9795,False
Q4PSE6,Q9M5J8,nn,0.225,0.9455,False
Q8GXF0,Q9FKM5,nn,0.2005,0.9752,True
P29703,Q1LUA8,nn,0.1659,0.9438,False
P28248,Q9JHN8,nn,0.1533,0.9589,False
Q8GUU2,Q8LDB8,nn,0.4536,0.9858,False
P0C2L3,Q96GL9,nn,0.4235,0.9869,True
Q9FWW8,Q9SYD4,nn,0.3712,0.9964,False
Q12442,Q9NXK6,nn,0.2273,0.9821,True
P30185,P42758,nn,0.302,0.8863,True
P02407,P36131,nn,0.1288,0.9848,False
Q08457,Q96H22,nn,0.1366,0.9858,False
Q9FKM5,Q9LQQ2,nn,0.2063,0.9616,True
Q9CQN4,Q9H741,nn,0.176,0.9768,False
O43602,Q99865,nn,0.144,0.972,False
Q9C534,Q9LM18,nn,0.3256,0.9615,False
Q08297,Q8GXF0,nn,0.2713,0.962,True
P48570,Q12122,nn,0.8778,0.9953,True
Q14320,Q96MC5,nn,0.1696,0.982,False
P36523,P40041,nn,0.1275,0.9649,False
O82756,Q9H300,nn,0.1494,0.9575,True
Q5MNZ9,Q9P2S5,nn,0.1871,0.9773,False
Q6DHP1,Q8BXA6,nn,0.3304,0.9874,True
P30657,Q19626,nn,0.1324,0.9861,False
P05634,Q9XXL3,nn,0.1908,0.97,False
Q7RTT5,Q8N567,nn,0.1614,0.9767,False
P24071,Q7TSN7,nn,0.1911,0.9818,False
Q8NGT0,Q8VD66,nn,0.1698,0.9642,False
P11802,P46734,nn,0.2234,0.9066,True
Q6K0P9,Q9UJA5,nn,0.1621,0.9787,False
A6H8Z2,Q8C5V0,nn,0.1695,0.975,False
P40496,Q59J78,nn,0.1579,0.9769,False
Q19905,Q922Q4,nn,0.1408,0.9556,False
P40516,P51580,nn,0.214,0.9577,True
A0A1B0GST9,O01323,nn,0.1538,0.9551,False
Q9FLF4,Q9FXA4,nn,0.2748,0.9818,False
Q5GJ75,Q8K015,nn,0.186,0.9893,False
Q8GZ84,Q9LQ92,nn,0.2933,0.9819,False
Q13702,Q94C27,nn,0.1963,0.9561,False
P28248,P48316,nn,0.1712,0.9604,False
Q0V967,Q7TSG3,nn,0.3147,0.9867,False
F4I8K2,Q19821,nn,0.1613,0.987,True
P0CX41,P35996,nn,0.2468,0.9731,True
P22794,Q9NQ60,nn,0.1618,0.98,False
P26899,Q9Y3I0,nn,0.1714,0.9828,False
P39039,Q8IWL1,nn,0.3217,0.9735,False
O07533,P0ABU0,nn,0.2257,0.9658,True
P94398,Q99314,nn,0.164,0.9821,False
B0V3H4,Q9NUQ7,nn,0.1403,0.9809,False
P69781,Q9S7T5,nn,0.1582,0.9798,False
Q06416,Q92826,nn,0.1799,0.9736,False
O54927,Q566T0,nn,0.1828,0.9808,False
P54005,Q08457,nn,0.1775,0.9846,False
P01040,P56567,nn,0.6327,0.9924,True
P19541,Q9CA74,nn,0.1558,0.9767,False
P26793,Q12460,nn,0.1779,0.9593,False
Q9LM18,Q9XIN8,nn,0.2,0.9591,False
Q9NYW1,Q9NYW3,nn,0.4734,0.9955,True
O14960,Q9SKU2,nn,0.1496,0.9439,False
P0ADA3,P27434,nn,0.1749,0.9338,False
F4I9G2,Q9ZWB8,nn,0.115,0.9572,False
P27548,Q9UNG2,nn,0.1519,0.9835,True
O08967,Q91V51,nn,0.1846,0.9551,False
P03877,Q9ZZX0,nn,0.2578,0.9753,True
O14561,Q9CR21,nn,0.859,0.9939,True
Q0WNB1,Q7L099,nn,0.1674,0.9852,False
Q5SXH7,Q6PEM6,nn,0.1719,0.9776,False
P28912,P75741,nn,0.9788,0.9997,True
P48598,P63073,nn,0.4215,0.9917,True
Q0WQ63,Q8GXK5,nn,0.4057,0.9857,True
Q04922,Q08981,nn,0.1137,0.9869,False
P30793,P36552,nn,0.1413,0.9835,False
P69781,Q922M7,nn,0.1545,0.9799,False
Q84J70,Q9M080,nn,0.1694,0.9771,False
Q564X7,Q84X07,nn,0.1747,0.9819,False
Q9C9A2,Q9FZ19,nn,0.2696,0.9939,True
P39210,Q9ZS51,nn,0.2653,0.9445,True
Q8VYB2,Q948J9,nn,0.1508,0.9339,False
O35658,Q7TSS2,nn,0.1624,0.9772,False
Q8BV13,Q9UNM6,nn,0.168,0.9756,False
O75638,P15692,nn,0.1646,0.9635,False
O95843,P43080,nn,0.4486,0.9778,False
P49406,Q9Y2R9,nn,0.1774,0.9864,False
P0A7D7,P21216,nn,0.1734,0.9819,False
P91529,Q9BRG1,nn,0.1364,0.976,False
P53497,P61163,nn,0.5263,0.9869,True
Q8IWF9,Q9H095,nn,0.185,0.9891,False
P64524,Q9V3B4,nn,0.1224,0.9843,False
O14775,Q38884,nn,0.1933,0.9732,False
P76113,Q39172,nn,0.3928,0.9791,True
P09129,P47111,nn,0.1742,0.9873,False
Q3E792,Q8CGP1,nn,0.1985,0.9733,False
O60551,Q94L32,nn,0.3545,0.9887,True
A1A4G5,Q99JT5,nn,0.1992,0.975,False
Q96Q45,Q9FL44,nn,0.1418,0.9676,False
O65665,O82133,nn,0.2459,0.9754,True
P37293,P42844,nn,0.1502,0.9823,False
P27005,Q5SY68,nn,0.2136,0.9775,True
F2Z472,Q9QZL9,nn,0.1684,0.961,False
P49813,Q9NZQ9,nn,0.5639,0.9894,True
P94575,P96593,nn,0.1941,0.9678,False
Q63829,Q9P000,nn,0.1953,0.9848,False
A1L453,Q7RTY9,nn,0.3181,0.979,True
P25863,P42758,nn,0.2872,0.865,True
Q61502,Q9D4C5,nn,0.1638,0.9777,False
O43752,Q9UNK0,nn,0.223,0.9928,True
Q502I1,Q9NS64,nn,0.7248,0.9896,True
Q96GT9,Q9DD24,nn,0.1966,0.9755,False
Q9FXA4,Q9SVC6,nn,0.3077,0.9826,False
P22732,Q8GXK5,nn,0.2692,0.9827,True
Q38831,Q9XFM0,nn,0.2944,0.9832,True
O15258,O64837,nn,0.1918,0.9788,False
P01734,P06321,nn,0.3723,0.9885,False
P53688,Q9FM41,nn,0.1478,0.9564,False
O14662,Q9UNK0,nn,0.1743,0.9882,True
P0A884,P24192,nn,0.1572,0.9838,False
P81451,Q9FLB7,nn,0.1644,0.9772,False
P57776,Q61166,nn,0.1886,0.9842,False
Q24536,Q9FFI2,nn,0.1552,0.9899,False
Q5U3G1,Q8IWL1,nn,0.2774,0.9701,False
F4JMB8,Q9NXW2,nn,0.1205,0.9559,False
B0V3H4,Q4V6M7,nn,0.1584,0.9864,False
Q8RX32,Q99MZ7,nn,0.2712,0.9694,True
Q99865,Q9Y657,nn,0.7643,0.9939,True
Q39255,Q9M1X5,nn,0.6605,0.9931,True
P20263,Q06416,nn,0.8111,0.9958,True
C0HLB3,P0DH92,nn,0.5774,0.993,True
P16616,P76658,nn,0.1524,0.9095,False
Q03060,Q8R0S1,nn,0.1963,0.9745,True
P48543,Q61743,nn,0.4395,0.9831,True
O04482,P33331,nn,0.1091,0.8881,False
P0C8K0,Q9DB76,nn,0.1335,0.9838,False
P12787,Q9CR21,nn,0.1989,0.9456,False
P28658,P48362,nn,0.1676,0.9858,False
P40344,Q17604,nn,0.1474,0.9786,False
P50110,Q24434,nn,0.1437,0.9871,False
Q68CQ7,Q9M8J2,nn,0.2474,0.9885,True
Q5XFR0,Q9BZV1,nn,0.1403,0.9712,False
O35002,P0AEG6,nn,0.1542,0.8967,False
P36881,P42437,nn,0.087,0.9442,False
P33331,Q3UNA4,nn,0.2361,0.9406,False
O48677,Q9FJZ9,nn,0.3717,0.9878,True
C0HKG5,P28907,nn,0.1893,0.9844,False
C9JJ37,Q9DB72,nn,0.1694,0.9534,False
P52815,Q9CR21,nn,0.1991,0.9438,False
P91167,Q06707,nn,0.1656,0.9867,False
P41047,Q92838,nn,0.1559,0.9723,True
P32564,Q5XV67,nn,0.1567,0.9878,False
O34873,P48570,nn,0.1734,0.9753,False
P39306,P94525,nn,0.5633,0.9911,True
O70348,Q9CXC3,nn,0.1902,0.967,False
P28229,Q23369,nn,0.1459,0.9828,False
O35710,Q9CZU4,nn,0.1958,0.9511,False
P06721,P53101,nn,0.2275,0.964,True
Q8LEM6,Q9FL44,nn,0.1619,0.9679,False
O34981,P07464,nn,0.225,0.9755,True
P58064,Q07428,nn,0.1387,0.9545,False
Q5VZF2,Q9JKP5,nn,0.672,0.9898,True
P60413,Q3V2C1,nn,0.2408,0.953,False
P50404,Q8IWL1,nn,0.3005,0.962,False
P30657,Q03778,nn,0.16,0.986,False
Q5VWW1,Q9D8U4,nn,0.3139,0.9831,False
O35887,P34714,nn,0.1834,0.9571,False
P39648,Q8BGV0,nn,0.151,0.9523,False
P11802,P30285,nn,0.9472,0.9979,True
O35658,Q16342,nn,0.1653,0.9779,False
P32233,Q9NTK5,nn,0.1883,0.9809,True
P23591,P30043,nn,0.1565,0.9276,False
P57776,Q5RGJ6,nn,0.1655,0.9838,False
Q8GUU2,Q9LN71,nn,0.4515,0.9867,False
Q04991,Q9M0Y2,nn,0.167,0.9762,False
Q9FLV7,Q9ZV39,nn,0.1654,0.9823,False
Q91VT1,Q9LQ92,nn,0.1792,0.973,False
Q502I1,Q5BKX0,nn,0.1016,0.9775,False
Q08BW6,Q9V3B4,nn,0.1699,0.9839,False
O82756,Q19821,nn,0.1902,0.9807,True
P07255,Q96I36,nn,0.1493,0.9869,False
O05231,Q17819,nn,0.1794,0.9557,False
Q46888,Q9XTI0,nn,0.271,0.9731,True
P41936,Q9XW88,nn,0.2165,0.9795,False
P57081,Q9R0D8,nn,0.1667,0.9771,False
P60331,P60413,nn,0.6768,0.9784,True
P06804,P27548,nn,0.2138,0.9841,True
Q96BM0,Q9H2X8,nn,0.4928,0.9752,True
P39648,Q948J9,nn,0.1325,0.9368,False
O35887,Q8BP92,nn,0.3818,0.9783,True
Q2T9L4,Q9D9K3,nn,0.1629,0.9737,False
Q7TT16,Q8R071,nn,0.1674,0.9602,True
Q9NS25,Q9NY87,nn,0.7573,0.9853,True
P36881,P75989,nn,0.1358,0.9501,False
Q38838,Q4PSJ7,nn,0.2,0.9837,False
P49429,Q6TGZ5,nn,0.6902,0.9953,True
P69781,Q9SD38,nn,0.3289,0.9793,True
P36001,Q09509,nn,0.1881,0.9739,True
P56857,Q86UP9,nn,0.1678,0.9702,False
P24071,Q4VAH7,nn,0.1456,0.9858,False
P43080,Q9NZI2,nn,0.2738,0.985,False
O32271,P16616,nn,0.1627,0.9081,False
Q8CCM6,Q8R1V4,nn,0.1667,0.9732,False
Q7ZVN4,Q9NUE0,nn,0.6043,0.986,True
G5EFF7,Q84L33,nn,0.1764,0.9272,False
P69771,Q9V7D2,nn,0.1457,0.9717,False
Q9MAA7,Q9NZD8,nn,0.189,0.9473,False
Q8IZS7,Q91V08,nn,0.1629,0.9521,False
P56797,P94551,nn,0.1566,0.9421,False
P02746,Q8BVD7,nn,0.3367,0.981,False
P30657,P38334,nn,0.1461,0.9891,False
Q19351,Q9GQ00,nn,0.1768,0.9826,True
O64837,Q8K0D7,nn,0.1614,0.9774,False
P40962,Q8N567,nn,0.1601,0.9772,False
Q3E8B4,Q9C835,nn,0.1502,0.9418,False
O34368,P76417,nn,0.1944,0.9532,False
Q7RTT4,Q8N567,nn,0.1655,0.977,False
P26899,P80858,nn,0.1572,0.9828,False
Q96299,Q96300,nn,0.6704,0.9935,True
Q16667,Q9VWF4,nn,0.1238,0.9707,True
Q24434,Q8CGV2,nn,0.1716,0.9887,False
O32217,P68571,nn,0.32,0.9815,True
Q0WNR6,Q8GY55,nn,0.164,0.9841,False
O35887,Q9BRK5,nn,0.2568,0.9658,True
O35400,P0CC03,nn,0.2824,0.9792,True
P20749,Q69YU3,nn,0.2,0.9607,False
P40305,Q96BM0,nn,0.4758,0.9792,True
O54915,P10828,nn,0.251,0.9887,True
O89116,Q9UNK0,nn,0.186,0.9881,False
P28248,Q9ZT87,nn,0.1481,0.9592,False
P02841,P15457,nn,0.1646,0.9386,False
A6ND01,Q9UBL9,nn,0.1279,0.9774,False
P46604,P92953,nn,0.4049,0.9874,True
Q96GT9,Q9C010,nn,0.1532,0.9728,False
Q9M2H5,Q9M2J6,nn,0.5213,0.9869,False
O82628,Q8BMC1,nn,0.3417,0.9759,True
P77218,Q99N42,nn,0.1698,0.9537,False
P03877,P30657,nn,0.1368,0.9745,False
P53050,Q9FMM7,nn,0.1667,0.9769,False
Q5VSG8,Q8VEI3,nn,0.1772,0.9473,False
Q56YW9,Q9H853,nn,0.2178,0.9635,True
P26907,P42758,nn,0.1762,0.8283,False
Q06541,Q12155,nn,0.1323,0.9831,False
P69781,Q9LKA1,nn,0.1571,0.9756,False
P53259,Q9H300,nn,0.2184,0.9811,True
P46548,Q94L32,nn,0.368,0.9907,True
Q03404,Q7X6T3,nn,0.1804,0.9601,False
O43365,Q00056,nn,0.2199,0.9816,True
Q16676,Q61345,nn,0.7937,0.9951,False
O35400,Q06520,nn,0.4059,0.9727,True
Q03976,Q8WTC1,nn,0.1988,0.9833,False
B8A4F0,Q91WU6,nn,0.2333,0.9858,True
Q3E8B4,Q9FM41,nn,0.1899,0.9682,False
O34520,P16616,nn,0.1384,0.9168,False
P42844,Q8INK9,nn,0.2009,0.9844,False
O34368,P42417,nn,0.1915,0.9303,False
P23528,P45591,nn,0.8133,0.9953,True
O62247,Q9BQY6,nn,0.1835,0.9774,False
P0AE37,P90925,nn,0.1811,0.98,False
P37680,P39306,nn,0.6121,0.9894,True
Q5H9L4,Q9NQM4,nn,0.1432,0.9674,False
P36973,Q9SU38,nn,0.3651,0.9432,True
P48603,Q9V3B4,nn,0.1638,0.9831,False
Q925Q5,Q9D701,nn,0.136,0.9723,False
Q8VC33,Q9NXH8,nn,0.1546,0.9584,False
Q7L099,Q9V3V7,nn,0.1426,0.9893,False
Q86XR8,Q9U3L0,nn,0.1312,0.9823,False
P48362,Q61151,nn,0.168,0.98,False
Q00013,Q6P5G6,nn,0.1705,0.9559,False
Q6UW49,Q9NQ60,nn,0.1762,0.9826,False
O49482,Q39172,nn,0.1605,0.9764,False
O81146,P39119,nn,0.1733,0.9904,False
P46604,Q05466,nn,0.4441,0.9849,True
O31697,O31938,nn,0.1071,0.9748,False
Q2V2W7,Q2V467,nn,0.1649,0.9745,True
E5RG02,Q920S2,nn,0.1796,0.9728,True
Q3KNT9,Q5VUD6,nn,0.1333,0.9772,False
Q7RTT6,Q9NS25,nn,0.1608,0.9754,False
P49691,Q9S9K7,nn,0.1198,0.9804,False
Q8BPZ8,Q9CXC3,nn,0.1825,0.967,False
Q96I36,Q9FLB7,nn,0.175,0.9813,False
Q6DBM8,Q9M2P2,nn,0.1598,0.932,True
P91477,Q9R1P3,nn,0.3578,0.9898,True
P06721,P32929,nn,0.2919,0.9574,True
O95500,Q8BXA6,nn,0.3817,0.987,True
Q7T346,Q9CQQ4,nn,0.1802,0.9867,False
P42760,Q9VG95,nn,0.1931,0.9773,True
Q8S4Q6,Q9FGB0,nn,0.1651,0.9603,False
P0AA16,Q06065,nn,0.1497,0.9268,False
Q91V61,Q9VLM7,nn,0.1366,0.9864,False
Q8S4Q6,Q94AV5,nn,0.1323,0.9611,False
F1QVR8,P42596,nn,0.1578,0.9654,True
F4JMB8,Q9LTE4,nn,0.1608,0.9521,True
Q04067,Q8BZ71,nn,0.1697,0.9677,False
Q5XFR0,Q9D4J1,nn,0.1821,0.9708,False
B8A4F0,O15258,nn,0.1598,0.9857,False
O43365,P09026,nn,0.4958,0.9896,True
P05412,Q9JKP5,nn,0.1759,0.9527,False
O82628,Q9XZH6,nn,0.2941,0.9796,True
Q7L099,Q9D394,nn,0.9872,0.9996,False
Q3E7Y6,Q6GMH0,nn,0.0789,0.9786,False
Q02334,Q61420,nn,0.3556,0.9764,True
P07260,P63073,nn,0.3045,0.9921,True
P25385,Q95ZW1,nn,0.1818,0.986,False
Q99865,Q9D1B8,nn,0.1275,0.9799,False
O31857,P42981,nn,0.2209,0.9739,True
P0A9L8,Q922Q4,nn,0.3251,0.9569,True
P35242,P39039,nn,0.332,0.9749,False
Q9D6B9,Q9SS98,nn,0.1186,0.9164,False
Q0WQG8,Q15041,nn,0.1368,0.9793,False
P34437,Q08004,nn,0.1186,0.9794,False
Q9QXG9,Q9Y603,nn,0.1735,0.9721,False
F1R8Z9,O82133,nn,0.1374,0.9774,False
P05847,Q00266,nn,0.1687,0.9892,False
Q9VYA8,Q9ZVY7,nn,0.1733,0.9849,False
P75949,Q9VR81,nn,0.1822,0.9232,False
Q19869,Q9UNX3,nn,0.5986,0.9769,True
O32217,P18935,nn,0.1032,0.9039,False
P36027,P40476,nn,0.2051,0.9569,False
Q8VE91,Q9CQV4,nn,0.3393,0.9826,True
P0C8K0,P42980,nn,0.1124,0.9819,False
O23207,P69816,nn,0.1423,0.9508,False
Q9NZI2,Q9QXT8,nn,0.556,0.9843,True
O96863,Q24536,nn,0.4242,0.9928,True
P94551,Q99LC5,nn,0.3692,0.9626,True
Q6ZMR5,Q86WS5,nn,0.2457,0.9752,True
P62140,Q9NES8,nn,0.248,0.9699,True
P24192,Q8LCQ3,nn,0.0992,0.9845,False
P0AE37,P64483,nn,0.1424,0.979,False
P35178,P48362,nn,0.1852,0.9814,False
P48802,Q9D6B9,nn,0.1328,0.9218,False
Q22687,Q9CQN4,nn,0.1564,0.9761,False
Q9LNU3,Q9ZV52,nn,0.1575,0.9563,False
P26638,Q8C0C7,nn,0.1954,0.98,True
O00338,O35400,nn,0.3149,0.9716,True
P29703,Q61239,nn,0.2233,0.9707,True
P37263,Q9VUU7,nn,0.1111,0.9695,False
Q19707,Q96PL2,nn,0.1864,0.9772,False
O01323,O97172,nn,0.26,0.9839,True
F4HRC1,P50110,nn,0.1882,0.986,False
Q04461,Q9FNY0,nn,0.1585,0.9788,False
Q9BQA1,Q9EP82,nn,0.1903,0.9618,False
Q9LRK4,Q9LRL4,nn,0.4167,0.9872,True
O14548,Q9FLB7,nn,0.1825,0.9846,False
P53050,Q01543,nn,0.1698,0.9758,False
P0C895,Q0VAA2,nn,0.1741,0.9656,False
P39667,P42980,nn,0.1489,0.9721,False
P25864,Q3UFY8,nn,0.1329,0.9466,False
Q5VUY0,Q9MAA7,nn,0.1893,0.972,True
P39648,P39912,nn,0.1626,0.9529,False
Q8N7R7,Q8VC70,nn,0.1504,0.994,False
P42404,Q45582,nn,0.1726,0.9407,False
P07486,Q27580,nn,0.1435,0.9843,False
Q8N8A8,Q8S8D8,nn,0.1505,0.9781,False
Q20591,Q91XE7,nn,0.427,0.9895,True
Q6ICH7,Q6UWU4,nn,0.177,0.9699,False
L8E946,Q20201,nn,0.1825,0.9707,False
G5EDE5,Q5GAN4,nn,0.1095,0.9858,False
P53566,Q16676,nn,0.1925,0.9762,False
D6MZJ6,O35710,nn,0.1898,0.9617,False
P20863,P27539,nn,0.6835,0.9848,True
Q9C4Z7,Q9XI19,nn,0.1983,0.9737,False
O60496,Q9NSE2,nn,0.177,0.9606,False
P0ADY3,Q9XXD2,nn,0.1683,0.9797,False
P06753,P07951,nn,0.8596,0.9957,True
P54503,Q45500,nn,0.1078,0.9167,False
Q9D8T0,Q9VMV6,nn,0.1452,0.9791,False
Q99LC5,Q9C6I6,nn,0.4659,0.9818,True
A6H8Z2,Q8N4L4,nn,0.1559,0.9757,False
Q7RTY9,Q9BZJ3,nn,0.2783,0.9714,True
P23769,Q26366,nn,0.1978,0.9733,False
Q7JVI3,Q8BV13,nn,0.1587,0.9758,False
O34589,P49787,nn,0.0911,0.9096,False
A8E7D3,Q96I36,nn,0.4833,0.9896,False
O48677,Q96509,nn,0.4135,0.9907,True
Q9NS26,Q9NY87,nn,0.9381,0.998,True
Q5DU31,Q6PEM6,nn,0.1684,0.9812,False
P41971,Q8C0Y1,nn,0.1719,0.9793,False
Q12155,Q9VLM5,nn,0.1394,0.9825,False
Q6NMD6,Q8K3A6,nn,0.1188,0.9628,False
Q6DBM8,Q8L725,nn,0.1783,0.9545,True
Q95ZW1,Q9SJL6,nn,0.1647,0.9804,False
Q1PFC5,Q9LEX5,nn,0.1975,0.9829,True
O34498,P49808,nn,0.1345,0.9826,False
Q5U3V7,Q96H78,nn,0.1905,0.9849,True
Q05639,Q5VTE0,nn,0.9201,0.9979,True
P25340,Q9LDU6,nn,0.2484,0.9888,True
Q16385,Q96GT9,nn,0.1615,0.9767,False
O14793,Q96PL2,nn,0.1702,0.9593,False
Q94B35,Q9FH09,nn,0.1789,0.9711,False
O05493,O34500,nn,0.1859,0.9255,False
O81788,Q9LM84,nn,0.3616,0.981,True
O34873,P35914,nn,0.4215,0.964,True
P13857,P21340,nn,0.1737,0.9095,True
Q8GXK5,Q9M0Z9,nn,0.8137,0.9987,True
P91529,Q8WV22,nn,0.178,0.9751,False
